label,family,kind,d,bf,tw,tf,fillet,b,t,ht,B,wall,od,radius
W44X335,W,IShape,44.0,15.9,1.03,1.77,0.79,,,,,,,
W44X290,W,IShape,43.6,15.8,0.865,1.58,0.78,,,,,,,
W44X262,W,IShape,43.3,15.8,0.785,1.42,0.78,,,,,,,
W44X230,W,IShape,42.9,15.8,0.71,1.22,0.79,,,,,,,
W40X655,W,IShape,43.6,16.9,1.97,3.54,1.18,,,,,,,
W40X593,W,IShape,43.0,16.7,1.79,3.23,1.18,,,,,,,
W40X503,W,IShape,42.1,16.4,1.54,2.76,1.18,,,,,,,
W40X431,W,IShape,41.3,16.2,1.34,2.36,1.18,,,,,,,
W40X397,W,IShape,41.0,16.1,1.22,2.2,1.18,,,,,,,
W40X372,W,IShape,40.6,16.1,1.16,2.05,1.18,,,,,,,
W40X362,W,IShape,40.6,16.0,1.12,2.01,1.18,,,,,,,
W40X324,W,IShape,40.2,15.9,1.0,1.81,1.18,,,,,,,
W40X297,W,IShape,39.8,15.8,0.93,1.65,1.18,,,,,,,
W40X277,W,IShape,39.7,15.8,0.83,1.58,1.18,,,,,,,
W40X249,W,IShape,39.4,15.8,0.75,1.42,1.18,,,,,,,
W40X215,W,IShape,39.0,15.8,0.65,1.22,1.18,,,,,,,
W40X199,W,IShape,38.7,15.8,0.65,1.07,1.18,,,,,,,
W40X392,W,IShape,41.6,12.4,1.42,2.52,1.18,,,,,,,
W40X331,W,IShape,40.8,12.2,1.22,2.13,1.18,,,,,,,
W40X327,W,IShape,40.8,12.1,1.18,2.13,1.18,,,,,,,
W40X294,W,IShape,40.4,12.0,1.06,1.93,1.18,,,,,,,
W40X278,W,IShape,40.2,12.0,1.03,1.81,1.18,,,,,,,
W40X264,W,IShape,40.0,11.9,0.96,1.73,1.18,,,,,,,
W40X235,W,IShape,39.7,11.9,0.83,1.58,1.18,,,,,,,
W40X211,W,IShape,39.4,11.8,0.75,1.42,1.18,,,,,,,
W40X183,W,IShape,39.0,11.8,0.65,1.2,1.18,,,,,,,
W40X167,W,IShape,38.6,11.8,0.65,1.03,1.18,,,,,,,
W40X149,W,IShape,38.2,11.8,0.63,0.83,1.18,,,,,,,
W36X925,W,IShape,43.1,18.6,3.02,4.53,0.75,,,,,,,
W36X853,W,IShape,43.1,18.2,2.52,4.53,0.75,,,,,,,
W36X802,W,IShape,42.6,18.0,2.38,4.29,0.75,,,,,,,
W36X723,W,IShape,41.8,17.8,2.17,3.9,0.75,,,,,,,
W36X652,W,IShape,41.1,17.6,1.97,3.54,0.95,,,,,,,
W36X529,W,IShape,39.8,17.2,1.61,2.91,0.95,,,,,,,
W36X487,W,IShape,39.3,17.1,1.5,2.68,0.95,,,,,,,
W36X441,W,IShape,38.9,17.0,1.36,2.44,0.95,,,,,,,
W36X395,W,IShape,38.4,16.8,1.22,2.2,0.95,,,,,,,
W36X361,W,IShape,38.0,16.7,1.12,2.01,0.95,,,,,,,
W36X330,W,IShape,37.7,16.6,1.02,1.85,0.95,,,,,,,
W36X302,W,IShape,37.3,16.7,0.945,1.68,0.95,,,,,,,
W36X282,W,IShape,37.1,16.6,0.885,1.57,0.95,,,,,,,
W36X262,W,IShape,36.9,16.6,0.84,1.44,0.95,,,,,,,
W36X247,W,IShape,36.7,16.5,0.8,1.35,0.95,,,,,,,
W36X231,W,IShape,36.5,16.5,0.76,1.26,0.95,,,,,,,
W36X256,W,IShape,37.4,12.2,0.96,1.73,0.75,,,,,,,
W36X232,W,IShape,37.1,12.1,0.87,1.57,0.75,,,,,,,
W36X210,W,IShape,36.7,12.2,0.83,1.36,0.75,,,,,,,
W36X194,W,IShape,36.5,12.1,0.765,1.26,0.75,,,,,,,
W36X182,W,IShape,36.3,12.1,0.725,1.18,0.75,,,,,,,
W36X170,W,IShape,36.2,12.0,0.68,1.1,0.75,,,,,,,
W36X160,W,IShape,36.0,12.0,0.65,1.02,0.75,,,,,,,
W36X150,W,IShape,35.9,12.0,0.625,0.94,0.75,,,,,,,
W36X135,W,IShape,35.6,12.0,0.6,0.79,0.75,,,,,,,
W33X387,W,IShape,36.0,16.2,1.26,2.28,0.79,,,,,,,
W33X354,W,IShape,35.6,16.1,1.16,2.09,0.79,,,,,,,
W33X318,W,IShape,35.2,16.0,1.04,1.89,0.79,,,,,,,
W33X291,W,IShape,34.8,15.9,0.96,1.73,0.79,,,,,,,
W33X263,W,IShape,34.5,15.8,0.87,1.57,0.79,,,,,,,
W33X241,W,IShape,34.2,15.9,0.83,1.4,0.79,,,,,,,
W33X221,W,IShape,33.9,15.8,0.775,1.28,0.78,,,,,,,
W33X201,W,IShape,33.7,15.7,0.715,1.15,0.79,,,,,,,
W33X169,W,IShape,33.8,11.5,0.67,1.22,0.7,,,,,,,
W33X152,W,IShape,33.5,11.6,0.635,1.06,0.7,,,,,,,
W33X141,W,IShape,33.3,11.5,0.605,0.96,0.7,,,,,,,
W33X130,W,IShape,33.1,11.5,0.58,0.855,0.705,,,,,,,
W33X118,W,IShape,32.9,11.5,0.55,0.74,0.7,,,,,,,
W30X391,W,IShape,33.2,15.6,1.36,2.44,0.79,,,,,,,
W30X357,W,IShape,32.8,15.5,1.24,2.24,0.79,,,,,,,
W30X326,W,IShape,32.4,15.4,1.14,2.05,0.79,,,,,,,
W30X292,W,IShape,32.0,15.3,1.02,1.85,0.79,,,,,,,
W30X261,W,IShape,31.6,15.2,0.93,1.65,0.79,,,,,,,
W30X235,W,IShape,31.3,15.1,0.83,1.5,0.79,,,,,,,
W30X211,W,IShape,30.9,15.1,0.775,1.32,0.78,,,,,,,
W30X191,W,IShape,30.7,15.0,0.71,1.19,0.78,,,,,,,
W30X173,W,IShape,30.4,15.0,0.655,1.07,0.78,,,,,,,
W30X148,W,IShape,30.7,10.5,0.65,1.18,0.65,,,,,,,
W30X132,W,IShape,30.3,10.5,0.615,1.0,0.65,,,,,,,
W30X124,W,IShape,30.2,10.5,0.585,0.93,0.65,,,,,,,
W30X116,W,IShape,30.0,10.5,0.565,0.85,0.65,,,,,,,
W30X108,W,IShape,29.8,10.5,0.545,0.76,0.65,,,,,,,
W30X99,W,IShape,29.7,10.5,0.52,0.67,0.65,,,,,,,
W30X90,W,IShape,29.5,10.4,0.47,0.61,0.65,,,,,,,
W27X539,W,IShape,32.5,15.3,1.97,3.54,0.79,,,,,,,
W27X368,W,IShape,30.4,14.7,1.38,2.48,0.79,,,,,,,
W27X336,W,IShape,30.0,14.6,1.26,2.28,0.79,,,,,,,
W27X307,W,IShape,29.6,14.4,1.16,2.09,0.79,,,,,,,
W27X281,W,IShape,29.3,14.4,1.06,1.93,0.79,,,,,,,
W27X258,W,IShape,29.0,14.3,0.98,1.77,0.79,,,,,,,
W27X235,W,IShape,28.7,14.2,0.91,1.61,0.79,,,,,,,
W27X217,W,IShape,28.4,14.1,0.83,1.5,0.79,,,,,,,
W27X194,W,IShape,28.1,14.0,0.75,1.34,0.79,,,,,,,
W27X178,W,IShape,27.8,14.1,0.725,1.19,0.79,,,,,,,
W27X161,W,IShape,27.6,14.0,0.66,1.08,0.79,,,,,,,
W27X146,W,IShape,27.4,14.0,0.605,0.975,0.785,,,,,,,
W27X129,W,IShape,27.6,10.0,0.61,1.1,0.6,,,,,,,
W27X114,W,IShape,27.3,10.1,0.57,0.93,0.6,,,,,,,
W27X102,W,IShape,27.1,10.0,0.515,0.83,0.6,,,,,,,
W27X94,W,IShape,26.9,10.0,0.49,0.745,0.595,,,,,,,
W27X84,W,IShape,26.7,10.0,0.46,0.64,0.6,,,,,,,
W24X370,W,IShape,28.0,13.7,1.52,2.72,0.5,,,,,,,
W24X335,W,IShape,27.5,13.5,1.38,2.48,0.5,,,,,,,
W24X306,W,IShape,27.1,13.4,1.26,2.28,0.5,,,,,,,
W24X279,W,IShape,26.7,13.3,1.16,2.09,0.5,,,,,,,
W24X250,W,IShape,26.3,13.2,1.04,1.89,0.5,,,,,,,
W24X229,W,IShape,26.0,13.1,0.96,1.73,0.5,,,,,,,
W24X207,W,IShape,25.7,13.0,0.87,1.57,0.5,,,,,,,
W24X192,W,IShape,25.5,13.0,0.81,1.46,0.5,,,,,,,
W24X176,W,IShape,25.2,12.9,0.75,1.34,0.5,,,,,,,
W24X162,W,IShape,25.0,13.0,0.705,1.22,0.5,,,,,,,
W24X146,W,IShape,24.7,12.9,0.65,1.09,0.5,,,,,,,
W24X131,W,IShape,24.5,12.9,0.605,0.96,0.5,,,,,,,
W24X117,W,IShape,24.3,12.8,0.55,0.85,0.5,,,,,,,
W24X104,W,IShape,24.1,12.8,0.5,0.75,0.5,,,,,,,
W24X103,W,IShape,24.5,9.0,0.55,0.98,0.5,,,,,,,
W24X94,W,IShape,24.3,9.07,0.515,0.875,0.505,,,,,,,
W24X84,W,IShape,24.1,9.02,0.47,0.77,0.5,,,,,,,
W24X76,W,IShape,23.9,8.99,0.44,0.68,0.5,,,,,,,
W24X68,W,IShape,23.7,8.97,0.415,0.585,0.505,,,,,,,
W24X62,W,IShape,23.7,7.04,0.43,0.59,0.5,,,,,,,
W24X55,W,IShape,23.6,7.01,0.395,0.505,0.505,,,,,,,
W21X275,W,IShape,24.1,12.9,1.22,2.19,1.18,,,,,,,
W21X248,W,IShape,23.7,12.8,1.1,1.99,1.18,,,,,,,
W21X223,W,IShape,23.4,12.7,1.0,1.79,1.18,,,,,,,
W21X201,W,IShape,23.0,12.6,0.91,1.63,0.5,,,,,,,
W21X182,W,IShape,22.7,12.5,0.83,1.48,0.5,,,,,,,
W21X166,W,IShape,22.5,12.4,0.75,1.36,0.5,,,,,,,
W21X147,W,IShape,22.1,12.5,0.72,1.15,0.5,,,,,,,
W21X132,W,IShape,21.8,12.4,0.65,1.04,0.5,,,,,,,
W21X122,W,IShape,21.7,12.4,0.6,0.96,0.5,,,,,,,
W21X111,W,IShape,21.5,12.3,0.55,0.875,0.505,,,,,,,
W21X101,W,IShape,21.4,12.3,0.5,0.8,0.5,,,,,,,
W21X93,W,IShape,21.6,8.42,0.58,0.93,0.5,,,,,,,
W21X83,W,IShape,21.4,8.36,0.515,0.835,0.505,,,,,,,
W21X73,W,IShape,21.2,8.3,0.455,0.74,0.5,,,,,,,
W21X68,W,IShape,21.1,8.27,0.43,0.685,0.505,,,,,,,
W21X62,W,IShape,21.0,8.24,0.4,0.615,0.505,,,,,,,
W21X55,W,IShape,20.8,8.22,0.375,0.522,0.498,,,,,,,
W21X48,W,IShape,20.6,8.14,0.35,0.43,0.5,,,,,,,
W21X57,W,IShape,21.1,6.56,0.405,0.65,0.5,,,,,,,
W21X50,W,IShape,20.8,6.53,0.38,0.535,0.505,,,,,,,
W21X44,W,IShape,20.7,6.5,0.35,0.45,0.5,,,,,,,
W18X311,W,IShape,22.3,12.0,1.52,2.74,0.5,,,,,,,
W18X283,W,IShape,21.9,11.9,1.4,2.5,0.5,,,,,,,
W18X258,W,IShape,21.5,11.8,1.28,2.3,0.4,,,,,,,
W18X234,W,IShape,21.1,11.7,1.16,2.11,0.4,,,,,,,
W18X211,W,IShape,20.7,11.6,1.06,1.91,0.4,,,,,,,
W18X192,W,IShape,20.4,11.5,0.96,1.75,0.4,,,,,,,
W18X175,W,IShape,20.0,11.4,0.89,1.59,0.4,,,,,,,
W18X158,W,IShape,19.7,11.3,0.81,1.44,0.4,,,,,,,
W18X143,W,IShape,19.5,11.2,0.73,1.32,0.4,,,,,,,
W18X130,W,IShape,19.3,11.2,0.67,1.2,0.4,,,,,,,
W18X119,W,IShape,19.0,11.3,0.655,1.06,0.4,,,,,,,
W18X106,W,IShape,18.7,11.2,0.59,0.94,0.4,,,,,,,
W18X97,W,IShape,18.6,11.1,0.535,0.87,0.4,,,,,,,
W18X86,W,IShape,18.4,11.1,0.48,0.77,0.4,,,,,,,
W18X76,W,IShape,18.2,11.0,0.425,0.68,0.4,,,,,,,
W18X71,W,IShape,18.5,7.64,0.495,0.81,0.4,,,,,,,
W18X65,W,IShape,18.4,7.59,0.45,0.75,0.4,,,,,,,
W18X60,W,IShape,18.2,7.56,0.415,0.695,0.405,,,,,,,
W18X55,W,IShape,18.1,7.53,0.39,0.63,0.4,,,,,,,
W18X50,W,IShape,18.0,7.5,0.355,0.57,0.402,,,,,,,
W18X46,W,IShape,18.1,6.06,0.36,0.605,0.405,,,,,,,
W18X40,W,IShape,17.9,6.02,0.315,0.525,0.402,,,,,,,
W18X35,W,IShape,17.7,6.0,0.3,0.425,0.402,,,,,,,
W16X100,W,IShape,17.0,10.4,0.585,0.985,0.405,,,,,,,
W16X89,W,IShape,16.8,10.4,0.525,0.875,0.405,,,,,,,
W16X77,W,IShape,16.5,10.3,0.455,0.76,0.4,,,,,,,
W16X67,W,IShape,16.3,10.2,0.395,0.665,0.405,,,,,,,
W16X57,W,IShape,16.4,7.12,0.43,0.715,0.405,,,,,,,
W16X50,W,IShape,16.3,7.07,0.38,0.63,0.4,,,,,,,
W16X45,W,IShape,16.1,7.04,0.345,0.565,0.402,,,,,,,
W16X40,W,IShape,16.0,7.0,0.305,0.505,0.402,,,,,,,
W16X36,W,IShape,15.9,6.99,0.295,0.43,0.402,,,,,,,
W16X31,W,IShape,15.9,5.53,0.275,0.44,0.402,,,,,,,
W16X26,W,IShape,15.7,5.5,0.25,0.345,0.402,,,,,,,
W14X873,W,IShape,23.6,18.8,3.94,5.51,0.59,,,,,,,
W14X808,W,IShape,22.8,18.6,3.74,5.12,0.59,,,,,,,
W14X730,W,IShape,22.4,17.9,3.07,4.91,0.6,,,,,,,
W14X665,W,IShape,21.6,17.7,2.83,4.52,0.6,,,,,,,
W14X605,W,IShape,20.9,17.4,2.6,4.16,0.6,,,,,,,
W14X550,W,IShape,20.2,17.2,2.38,3.82,0.6,,,,,,,
W14X500,W,IShape,19.6,17.0,2.19,3.5,0.6,,,,,,,
W14X455,W,IShape,19.0,16.8,2.02,3.21,0.6,,,,,,,
W14X426,W,IShape,18.7,16.7,1.88,3.04,0.59,,,,,,,
W14X398,W,IShape,18.3,16.6,1.77,2.85,0.59,,,,,,,
W14X370,W,IShape,17.9,16.5,1.66,2.66,0.6,,,,,,,
W14X342,W,IShape,17.5,16.4,1.54,2.47,0.6,,,,,,,
W14X311,W,IShape,17.1,16.2,1.41,2.26,0.6,,,,,,,
W14X283,W,IShape,16.7,16.1,1.29,2.07,0.6,,,,,,,
W14X257,W,IShape,16.4,16.0,1.18,1.89,0.6,,,,,,,
W14X233,W,IShape,16.0,15.9,1.07,1.72,0.6,,,,,,,
W14X211,W,IShape,15.7,15.8,0.98,1.56,0.6,,,,,,,
W14X193,W,IShape,15.5,15.7,0.89,1.44,0.6,,,,,,,
W14X176,W,IShape,15.2,15.7,0.83,1.31,0.6,,,,,,,
W14X159,W,IShape,15.0,15.6,0.745,1.19,0.6,,,,,,,
W14X145,W,IShape,14.8,15.5,0.68,1.09,0.6,,,,,,,
W14X132,W,IShape,14.7,14.7,0.645,1.03,0.6,,,,,,,
W14X120,W,IShape,14.5,14.7,0.59,0.94,0.6,,,,,,,
W14X109,W,IShape,14.3,14.6,0.525,0.86,0.6,,,,,,,
W14X99,W,IShape,14.2,14.6,0.485,0.78,0.6,,,,,,,
W14X90,W,IShape,14.0,14.5,0.44,0.71,0.6,,,,,,,
W14X82,W,IShape,14.3,10.1,0.51,0.855,0.595,,,,,,,
W14X74,W,IShape,14.2,10.1,0.45,0.785,0.595,,,,,,,
W14X68,W,IShape,14.0,10.0,0.415,0.72,0.59,,,,,,,
W14X61,W,IShape,13.9,10.0,0.375,0.645,0.595,,,,,,,
W14X53,W,IShape,13.9,8.06,0.37,0.66,0.59,,,,,,,
W14X48,W,IShape,13.8,8.03,0.34,0.595,0.595,,,,,,,
W14X43,W,IShape,13.7,8.0,0.305,0.53,0.59,,,,,,,
W14X38,W,IShape,14.1,6.77,0.31,0.515,0.4,,,,,,,
W14X34,W,IShape,14.0,6.75,0.285,0.455,0.4,,,,,,,
W14X30,W,IShape,13.8,6.73,0.27,0.385,0.4,,,,,,,
W14X26,W,IShape,13.9,5.03,0.255,0.42,0.4,,,,,,,
W14X22,W,IShape,13.7,5.0,0.23,0.335,0.4,,,,,,,
W12X336,W,IShape,16.8,13.4,1.78,2.96,0.59,,,,,,,
W12X305,W,IShape,16.3,13.2,1.63,2.71,0.59,,,,,,,
W12X279,W,IShape,15.9,13.1,1.53,2.47,0.6,,,,,,,
W12X252,W,IShape,15.4,13.0,1.4,2.25,0.6,,,,,,,
W12X230,W,IShape,15.1,12.9,1.29,2.07,0.6,,,,,,,
W12X210,W,IShape,14.7,12.8,1.18,1.9,0.6,,,,,,,
W12X190,W,IShape,14.4,12.7,1.06,1.74,0.59,,,,,,,
W12X170,W,IShape,14.0,12.6,0.96,1.56,0.6,,,,,,,
W12X152,W,IShape,13.7,12.5,0.87,1.4,0.6,,,,,,,
W12X136,W,IShape,13.4,12.4,0.79,1.25,0.6,,,,,,,
W12X120,W,IShape,13.1,12.3,0.71,1.11,0.59,,,,,,,
W12X106,W,IShape,12.9,12.2,0.61,0.99,0.6,,,,,,,
W12X96,W,IShape,12.7,12.2,0.55,0.9,0.6,,,,,,,
W12X87,W,IShape,12.5,12.1,0.515,0.81,0.6,,,,,,,
W12X79,W,IShape,12.4,12.1,0.47,0.735,0.595,,,,,,,
W12X72,W,IShape,12.3,12.0,0.43,0.67,0.6,,,,,,,
W12X65,W,IShape,12.1,12.0,0.39,0.605,0.595,,,,,,,
W12X58,W,IShape,12.2,10.0,0.36,0.64,0.6,,,,,,,
W12X53,W,IShape,12.1,10.0,0.345,0.575,0.605,,,,,,,
W12X50,W,IShape,12.2,8.08,0.37,0.64,0.5,,,,,,,
W12X45,W,IShape,12.1,8.05,0.335,0.575,0.505,,,,,,,
W12X40,W,IShape,11.9,8.01,0.295,0.515,0.505,,,,,,,
W12X35,W,IShape,12.5,6.56,0.3,0.52,0.3,,,,,,,
W12X30,W,IShape,12.3,6.52,0.26,0.44,0.3,,,,,,,
W12X26,W,IShape,12.2,6.49,0.23,0.38,0.3,,,,,,,
W12X22,W,IShape,12.3,4.03,0.26,0.425,0.3,,,,,,,
W12X19,W,IShape,12.2,4.01,0.235,0.35,0.3,,,,,,,
W12X16,W,IShape,12.0,3.99,0.22,0.265,0.3,,,,,,,
W12X14,W,IShape,11.9,3.97,0.2,0.225,0.3,,,,,,,
W10X112,W,IShape,11.4,10.4,0.755,1.25,0.5,,,,,,,
W10X100,W,IShape,11.1,10.3,0.68,1.12,0.5,,,,,,,
W10X88,W,IShape,10.8,10.3,0.605,0.99,0.5,,,,,,,
W10X77,W,IShape,10.6,10.2,0.53,0.87,0.5,,,,,,,
W10X68,W,IShape,10.4,10.1,0.47,0.77,0.5,,,,,,,
W10X60,W,IShape,10.2,10.1,0.42,0.68,0.5,,,,,,,
W10X54,W,IShape,10.1,10.0,0.37,0.615,0.505,,,,,,,
W10X49,W,IShape,10.0,10.0,0.34,0.56,0.5,,,,,,,
W10X45,W,IShape,10.1,8.02,0.35,0.62,0.5,,,,,,,
W10X39,W,IShape,9.92,7.99,0.315,0.53,0.5,,,,,,,
W10X33,W,IShape,9.73,7.96,0.29,0.435,0.5,,,,,,,
W10X30,W,IShape,10.5,5.81,0.3,0.51,0.3,,,,,,,
W10X26,W,IShape,10.3,5.77,0.26,0.44,0.3,,,,,,,
W10X22,W,IShape,10.2,5.75,0.24,0.36,0.3,,,,,,,
W10X19,W,IShape,10.2,4.02,0.25,0.395,0.3,,,,,,,
W10X17,W,IShape,10.1,4.01,0.24,0.33,0.3,,,,,,,
W10X15,W,IShape,9.99,4.0,0.23,0.27,0.3,,,,,,,
W10X12,W,IShape,9.87,3.96,0.19,0.21,0.3,,,,,,,
W8X67,W,IShape,9.0,8.28,0.57,0.935,0.395,,,,,,,
W8X58,W,IShape,8.75,8.22,0.51,0.81,0.39,,,,,,,
W8X48,W,IShape,8.5,8.11,0.4,0.685,0.395,,,,,,,
W8X40,W,IShape,8.25,8.07,0.36,0.56,0.394,,,,,,,
W8X35,W,IShape,8.12,8.02,0.31,0.495,0.394,,,,,,,
W8X31,W,IShape,8.0,8.0,0.285,0.435,0.394,,,,,,,
W8X28,W,IShape,8.06,6.54,0.285,0.465,0.394,,,,,,,
W8X24,W,IShape,7.93,6.5,0.245,0.4,0.394,,,,,,,
W8X21,W,IShape,8.28,5.27,0.25,0.4,0.3,,,,,,,
W8X18,W,IShape,8.14,5.25,0.23,0.33,0.3,,,,,,,
W8X15,W,IShape,8.11,4.02,0.245,0.315,0.3,,,,,,,
W8X13,W,IShape,7.99,4.0,0.23,0.255,0.3,,,,,,,
W8X10,W,IShape,7.89,3.94,0.17,0.205,0.3,,,,,,,
W6X25,W,IShape,6.38,6.08,0.32,0.455,0.25,,,,,,,
W6X20,W,IShape,6.2,6.02,0.26,0.365,0.25,,,,,,,
W6X15,W,IShape,5.99,5.99,0.23,0.26,0.25,,,,,,,
W6X16,W,IShape,6.28,4.03,0.26,0.405,0.25,,,,,,,
W6X12,W,IShape,6.03,4.0,0.23,0.28,0.25,,,,,,,
W6X9,W,IShape,5.9,3.94,0.17,0.215,0.25,,,,,,,
W6X8.5,W,IShape,5.83,3.94,0.17,0.195,0.25,,,,,,,
W5X19,W,IShape,5.15,5.03,0.27,0.43,0.3,,,,,,,
W5X16,W,IShape,5.01,5.0,0.24,0.36,0.3,,,,,,,
W4X13,W,IShape,4.16,4.06,0.28,0.345,0.25,,,,,,,
M12.5X12.4,M,IShape,12.5,3.75,0.155,0.228,0.335,,,,,,,
M12.5X11.6,M,IShape,12.5,3.5,0.155,0.211,0.352,,,,,,,
M12X11.8,M,IShape,12.0,3.07,0.177,0.225,0.338,,,,,,,
M12X10.8,M,IShape,12.0,3.07,0.16,0.21,0.353,,,,,,,
M12X10,M,IShape,12.0,3.25,0.149,0.18,0.32,,,,,,,
M10X9,M,IShape,10.0,2.69,0.157,0.206,0.357,,,,,,,
M10X8,M,IShape,9.95,2.69,0.141,0.182,0.381,,,,,,,
M10X7.5,M,IShape,9.99,2.69,0.13,0.173,0.265,,,,,,,
M8X6.5,M,IShape,8.0,2.28,0.135,0.189,0.374,,,,,,,
M8X6.2,M,IShape,8.0,2.28,0.129,0.177,0.261,,,,,,,
M6X4.4,M,IShape,6.0,1.84,0.114,0.171,0.204,,,,,,,
M6X3.7,M,IShape,5.92,2.0,0.098,0.129,0.184,,,,,,,
M5X18.9,M,IShape,5.0,5.0,0.316,0.416,0.397,,,,,,,
M4X6,M,IShape,3.8,3.8,0.13,0.16,0.34,,,,,,,
M4X4.08,M,IShape,4.0,2.25,0.115,0.17,0.393,,,,,,,
M4X3.45,M,IShape,4.0,2.25,0.092,0.13,0.37,,,,,,,
M4X3.2,M,IShape,4.0,2.25,0.092,0.13,0.37,,,,,,,
M3X2.9,M,IShape,3.0,2.25,0.09,0.13,0.37,,,,,,,
S24X121,S,IShape,24.5,8.05,0.8,1.09,0.91,,,,,,,
S24X106,S,IShape,24.5,7.87,0.62,1.09,0.91,,,,,,,
S24X100,S,IShape,24.0,7.25,0.745,0.87,0.88,,,,,,,
S24X90,S,IShape,24.0,7.13,0.625,0.87,0.88,,,,,,,
S24X80,S,IShape,24.0,7.0,0.5,0.87,0.88,,,,,,,
S20X96,S,IShape,20.3,7.2,0.8,0.92,0.83,,,,,,,
S20X86,S,IShape,20.3,7.06,0.66,0.92,0.83,,,,,,,
S20X75,S,IShape,20.0,6.39,0.635,0.795,0.835,,,,,,,
S20X66,S,IShape,20.0,6.26,0.505,0.795,0.835,,,,,,,
S18X70,S,IShape,18.0,6.25,0.711,0.691,0.809,,,,,,,
S18X54.7,S,IShape,18.0,6.0,0.461,0.691,0.809,,,,,,,
S15X50,S,IShape,15.0,5.64,0.55,0.622,0.758,,,,,,,
S15X42.9,S,IShape,15.0,5.5,0.411,0.622,0.758,,,,,,,
S12X50,S,IShape,12.0,5.48,0.687,0.659,0.781,,,,,,,
S12X40.8,S,IShape,12.0,5.25,0.462,0.659,0.781,,,,,,,
S12X35,S,IShape,12.0,5.08,0.428,0.544,0.646,,,,,,,
S12X31.8,S,IShape,12.0,5.0,0.35,0.544,0.646,,,,,,,
S10X35,S,IShape,10.0,4.94,0.594,0.491,0.639,,,,,,,
S10X25.4,S,IShape,10.0,4.66,0.311,0.491,0.639,,,,,,,
S8X23,S,IShape,8.0,4.17,0.441,0.425,0.575,,,,,,,
S8X18.4,S,IShape,8.0,4.0,0.271,0.425,0.575,,,,,,,
S6X17.25,S,IShape,6.0,3.57,0.465,0.359,0.454,,,,,,,
S6X12.5,S,IShape,6.0,3.33,0.232,0.359,0.454,,,,,,,
S5X10,S,IShape,5.0,3.0,0.214,0.326,0.424,,,,,,,
S4X9.5,S,IShape,4.0,2.8,0.326,0.293,0.457,,,,,,,
S4X7.7,S,IShape,4.0,2.66,0.193,0.293,0.457,,,,,,,
S3X7.5,S,IShape,3.0,2.51,0.349,0.26,0.365,,,,,,,
S3X5.7,S,IShape,3.0,2.33,0.17,0.26,0.365,,,,,,,
HP18X204,HP,IShape,18.3,18.1,1.13,1.13,1.18,,,,,,,
HP18X181,HP,IShape,18.0,18.0,1.0,1.0,1.18,,,,,,,
HP18X157,HP,IShape,17.7,17.9,0.87,0.87,1.18,,,,,,,
HP18X135,HP,IShape,17.5,17.8,0.75,0.75,1.18,,,,,,,
HP16X183,HP,IShape,16.5,16.3,1.13,1.13,1.18,,,,,,,
HP16X162,HP,IShape,16.3,16.1,1.0,1.0,1.18,,,,,,,
HP16X141,HP,IShape,16.0,16.0,0.875,0.875,1.185,,,,,,,
HP16X121,HP,IShape,15.8,15.9,0.75,0.75,1.18,,,,,,,
HP16X101,HP,IShape,15.5,15.8,0.625,0.625,1.185,,,,,,,
HP16X88,HP,IShape,15.3,15.7,0.54,0.54,1.18,,,,,,,
HP14X117,HP,IShape,14.2,14.9,0.805,0.805,0.695,,,,,,,
HP14X102,HP,IShape,14.0,14.8,0.705,0.705,0.675,,,,,,,
HP14X89,HP,IShape,13.8,14.7,0.615,0.615,0.695,,,,,,,
HP14X73,HP,IShape,13.6,14.6,0.505,0.505,0.685,,,,,,,
HP12X89,HP,IShape,12.4,12.3,0.72,0.72,0.6,,,,,,,
HP12X84,HP,IShape,12.3,12.3,0.685,0.685,0.695,,,,,,,
HP12X74,HP,IShape,12.1,12.2,0.605,0.61,0.7,,,,,,,
HP12X63,HP,IShape,11.9,12.1,0.515,0.515,0.735,,,,,,,
HP12X53,HP,IShape,11.8,12.0,0.435,0.435,0.695,,,,,,,
HP10X57,HP,IShape,9.99,10.2,0.565,0.565,0.685,,,,,,,
HP10X42,HP,IShape,9.7,10.1,0.415,0.42,0.71,,,,,,,
HP8X36,HP,IShape,8.02,8.16,0.445,0.445,0.685,,,,,,,
C15X50,C,UShape,15.0,3.72,0.716,0.65,0.79,,,,,,,
C15X40,C,UShape,15.0,3.52,0.52,0.65,0.79,,,,,,,
C15X33.9,C,UShape,15.0,3.4,0.4,0.65,0.79,,,,,,,
C12X30,C,UShape,12.0,3.17,0.51,0.501,0.629,,,,,,,
C12X25,C,UShape,12.0,3.05,0.387,0.501,0.629,,,,,,,
C12X20.7,C,UShape,12.0,2.94,0.282,0.501,0.629,,,,,,,
C10X30,C,UShape,10.0,3.03,0.673,0.436,0.564,,,,,,,
C10X25,C,UShape,10.0,2.89,0.526,0.436,0.564,,,,,,,
C10X20,C,UShape,10.0,2.74,0.379,0.436,0.564,,,,,,,
C10X15.3,C,UShape,10.0,2.6,0.24,0.436,0.564,,,,,,,
C9X20,C,UShape,9.0,2.65,0.448,0.413,0.587,,,,,,,
C9X15,C,UShape,9.0,2.49,0.285,0.413,0.587,,,,,,,
C9X13.4,C,UShape,9.0,2.43,0.233,0.413,0.587,,,,,,,
C8X18.75,C,UShape,8.0,2.53,0.487,0.39,0.548,,,,,,,
C8X13.75,C,UShape,8.0,2.34,0.303,0.39,0.548,,,,,,,
C8X11.5,C,UShape,8.0,2.26,0.22,0.39,0.548,,,,,,,
C7X14.75,C,UShape,7.0,2.3,0.419,0.366,0.509,,,,,,,
C7X12.25,C,UShape,7.0,2.19,0.314,0.366,0.509,,,,,,,
C7X9.8,C,UShape,7.0,2.09,0.21,0.366,0.509,,,,,,,
C6X13,C,UShape,6.0,2.16,0.437,0.343,0.47,,,,,,,
C6X10.5,C,UShape,6.0,2.03,0.314,0.343,0.47,,,,,,,
C6X8.2,C,UShape,6.0,1.92,0.2,0.343,0.47,,,,,,,
C5X9,C,UShape,5.0,1.89,0.325,0.32,0.43,,,,,,,
C5X6.7,C,UShape,5.0,1.75,0.19,0.32,0.43,,,,,,,
C4X7.25,C,UShape,4.0,1.72,0.321,0.296,0.454,,,,,,,
C4X6.25,C,UShape,4.0,1.65,0.247,0.296,0.454,,,,,,,
C4X5.4,C,UShape,4.0,1.58,0.184,0.296,0.454,,,,,,,
C4X4.5,C,UShape,4.0,1.52,0.125,0.296,0.454,,,,,,,
C3X6,C,UShape,3.0,1.6,0.356,0.273,0.415,,,,,,,
C3X5,C,UShape,3.0,1.5,0.258,0.273,0.415,,,,,,,
C3X4.1,C,UShape,3.0,1.41,0.17,0.273,0.415,,,,,,,
C3X3.5,C,UShape,3.0,1.37,0.132,0.273,0.415,,,,,,,
MC18X58,MC,UShape,18.0,4.2,0.7,0.625,0.815,,,,,,,
MC18X51.9,MC,UShape,18.0,4.1,0.6,0.625,0.815,,,,,,,
MC18X45.8,MC,UShape,18.0,4.0,0.5,0.625,0.815,,,,,,,
MC18X42.7,MC,UShape,18.0,3.95,0.45,0.625,0.815,,,,,,,
MC13X50,MC,UShape,13.0,4.41,0.787,0.61,0.83,,,,,,,
MC13X40,MC,UShape,13.0,4.19,0.56,0.61,0.83,,,,,,,
MC13X35,MC,UShape,13.0,4.07,0.447,0.61,0.83,,,,,,,
MC13X31.8,MC,UShape,13.0,4.0,0.375,0.61,0.83,,,,,,,
MC12X50,MC,UShape,12.0,4.14,0.835,0.7,0.61,,,,,,,
MC12X45,MC,UShape,12.0,4.01,0.71,0.7,0.61,,,,,,,
MC12X40,MC,UShape,12.0,3.89,0.59,0.7,0.61,,,,,,,
MC12X35,MC,UShape,12.0,3.77,0.465,0.7,0.61,,,,,,,
MC12X31,MC,UShape,12.0,3.67,0.37,0.7,0.61,,,,,,,
MC12X14.3,MC,UShape,12.0,2.12,0.25,0.313,0.437,,,,,,,
MC12X10.6,MC,UShape,12.0,1.5,0.19,0.309,0.441,,,,,,,
MC10X41.1,MC,UShape,10.0,4.32,0.796,0.575,0.735,,,,,,,
MC10X33.6,MC,UShape,10.0,4.1,0.575,0.575,0.735,,,,,,,
MC10X28.5,MC,UShape,10.0,3.95,0.425,0.575,0.735,,,,,,,
MC10X25,MC,UShape,10.0,3.41,0.38,0.575,0.735,,,,,,,
MC10X22,MC,UShape,10.0,3.32,0.29,0.575,0.735,,,,,,,
MC10X8.4,MC,UShape,10.0,1.5,0.17,0.28,0.47,,,,,,,
MC10X6.5,MC,UShape,10.0,1.17,0.152,0.202,0.361,,,,,,,
MC9X25.4,MC,UShape,9.0,3.5,0.45,0.55,0.7,,,,,,,
MC9X23.9,MC,UShape,9.0,3.45,0.4,0.55,0.7,,,,,,,
MC8X22.8,MC,UShape,8.0,3.5,0.427,0.525,0.665,,,,,,,
MC8X21.4,MC,UShape,8.0,3.45,0.375,0.525,0.665,,,,,,,
MC8X20,MC,UShape,8.0,3.03,0.4,0.5,0.63,,,,,,,
MC8X18.7,MC,UShape,8.0,2.98,0.353,0.5,0.63,,,,,,,
MC8X8.5,MC,UShape,8.0,1.87,0.179,0.311,0.502,,,,,,,
MC7X22.7,MC,UShape,7.0,3.6,0.503,0.5,0.63,,,,,,,
MC7X19.1,MC,UShape,7.0,3.45,0.352,0.5,0.63,,,,,,,
MC6X18,MC,UShape,6.0,3.5,0.379,0.475,0.585,,,,,,,
MC6X15.3,MC,UShape,6.0,3.5,0.34,0.385,0.49,,,,,,,
MC6X16.3,MC,UShape,6.0,3.0,0.375,0.475,0.585,,,,,,,
MC6X15.1,MC,UShape,6.0,2.94,0.316,0.475,0.585,,,,,,,
MC6X12,MC,UShape,6.0,2.5,0.31,0.375,0.5,,,,,,,
MC6X7,MC,UShape,6.0,1.88,0.179,0.291,0.459,,,,,,,
MC6X6.5,MC,UShape,6.0,1.85,0.155,0.291,0.459,,,,,,,
MC4X13.8,MC,UShape,4.0,2.5,0.5,0.5,0.5,,,,,,,
MC3X7.1,MC,UShape,3.0,1.94,0.312,0.351,0.462,,,,,,,
L12X12X1-3/8,L,LShape,12.0,,,,0.0,12.0,1.38,,,,,
L12X12X1-1/4,L,LShape,12.0,,,,0.0,12.0,1.25,,,,,
L12X12X1-1/8,L,LShape,12.0,,,,0.0,12.0,1.13,,,,,
L12X12X1,L,LShape,12.0,,,,0.0,12.0,1.0,,,,,
L10X10X1-3/8,L,LShape,10.0,,,,0.0,10.0,1.38,,,,,
L10X10X1-1/4,L,LShape,10.0,,,,0.0,10.0,1.25,,,,,
L10X10X1-1/8,L,LShape,10.0,,,,0.0,10.0,1.13,,,,,
L10X10X1,L,LShape,10.0,,,,0.0,10.0,1.0,,,,,
L10X10X7/8,L,LShape,10.0,,,,0.0,10.0,0.875,,,,,
L10X10X3/4,L,LShape,10.0,,,,0.0,10.0,0.75,,,,,
L8X8X1-1/8,L,LShape,8.0,,,,0.0,8.0,1.13,,,,,
L8X8X1,L,LShape,8.0,,,,0.0,8.0,1.0,,,,,
L8X8X7/8,L,LShape,8.0,,,,0.0,8.0,0.875,,,,,
L8X8X3/4,L,LShape,8.0,,,,0.0,8.0,0.75,,,,,
L8X8X5/8,L,LShape,8.0,,,,0.0,8.0,0.625,,,,,
L8X8X9/16,L,LShape,8.0,,,,0.0,8.0,0.563,,,,,
L8X8X1/2,L,LShape,8.0,,,,0.0,8.0,0.5,,,,,
L8X6X1,L,LShape,6.0,,,,0.0,8.0,1.0,,,,,
L8X6X7/8,L,LShape,6.0,,,,0.0,8.0,0.875,,,,,
L8X6X3/4,L,LShape,6.0,,,,0.0,8.0,0.75,,,,,
L8X6X5/8,L,LShape,6.0,,,,0.0,8.0,0.625,,,,,
L8X6X9/16,L,LShape,6.0,,,,0.0,8.0,0.563,,,,,
L8X6X1/2,L,LShape,6.0,,,,0.0,8.0,0.5,,,,,
L8X6X7/16,L,LShape,6.0,,,,0.0,8.0,0.438,,,,,
L8X4X1,L,LShape,4.0,,,,0.0,8.0,1.0,,,,,
L8X4X7/8,L,LShape,4.0,,,,0.0,8.0,0.875,,,,,
L8X4X3/4,L,LShape,4.0,,,,0.0,8.0,0.75,,,,,
L8X4X5/8,L,LShape,4.0,,,,0.0,8.0,0.625,,,,,
L8X4X9/16,L,LShape,4.0,,,,0.0,8.0,0.563,,,,,
L8X4X1/2,L,LShape,4.0,,,,0.0,8.0,0.5,,,,,
L8X4X7/16,L,LShape,4.0,,,,0.0,8.0,0.438,,,,,
L7X4X3/4,L,LShape,4.0,,,,0.0,7.0,0.75,,,,,
L7X4X5/8,L,LShape,4.0,,,,0.0,7.0,0.625,,,,,
L7X4X1/2,L,LShape,4.0,,,,0.0,7.0,0.5,,,,,
L7X4X7/16,L,LShape,4.0,,,,0.0,7.0,0.438,,,,,
L7X4X3/8,L,LShape,4.0,,,,0.0,7.0,0.375,,,,,
L6X6X1,L,LShape,6.0,,,,0.0,6.0,1.0,,,,,
L6X6X7/8,L,LShape,6.0,,,,0.0,6.0,0.875,,,,,
L6X6X3/4,L,LShape,6.0,,,,0.0,6.0,0.75,,,,,
L6X6X5/8,L,LShape,6.0,,,,0.0,6.0,0.625,,,,,
L6X6X9/16,L,LShape,6.0,,,,0.0,6.0,0.563,,,,,
L6X6X1/2,L,LShape,6.0,,,,0.0,6.0,0.5,,,,,
L6X6X7/16,L,LShape,6.0,,,,0.0,6.0,0.438,,,,,
L6X6X3/8,L,LShape,6.0,,,,0.0,6.0,0.375,,,,,
L6X6X5/16,L,LShape,6.0,,,,0.0,6.0,0.313,,,,,
L6X4X7/8,L,LShape,4.0,,,,0.0,6.0,0.875,,,,,
L6X4X3/4,L,LShape,4.0,,,,0.0,6.0,0.75,,,,,
L6X4X5/8,L,LShape,4.0,,,,0.0,6.0,0.625,,,,,
L6X4X9/16,L,LShape,4.0,,,,0.0,6.0,0.563,,,,,
L6X4X1/2,L,LShape,4.0,,,,0.0,6.0,0.5,,,,,
L6X4X7/16,L,LShape,4.0,,,,0.0,6.0,0.438,,,,,
L6X4X3/8,L,LShape,4.0,,,,0.0,6.0,0.375,,,,,
L6X4X5/16,L,LShape,4.0,,,,0.0,6.0,0.313,,,,,
L6X3-1/2X1/2,L,LShape,3.5,,,,0.0,6.0,0.5,,,,,
L6X3-1/2X3/8,L,LShape,3.5,,,,0.0,6.0,0.375,,,,,
L6X3-1/2X5/16,L,LShape,3.5,,,,0.0,6.0,0.313,,,,,
L5X5X7/8,L,LShape,5.0,,,,0.0,5.0,0.875,,,,,
L5X5X3/4,L,LShape,5.0,,,,0.0,5.0,0.75,,,,,
L5X5X5/8,L,LShape,5.0,,,,0.0,5.0,0.625,,,,,
L5X5X1/2,L,LShape,5.0,,,,0.0,5.0,0.5,,,,,
L5X5X7/16,L,LShape,5.0,,,,0.0,5.0,0.438,,,,,
L5X5X3/8,L,LShape,5.0,,,,0.0,5.0,0.375,,,,,
L5X5X5/16,L,LShape,5.0,,,,0.0,5.0,0.313,,,,,
L5X3-1/2X3/4,L,LShape,3.5,,,,0.0,5.0,0.75,,,,,
L5X3-1/2X5/8,L,LShape,3.5,,,,0.0,5.0,0.625,,,,,
L5X3-1/2X1/2,L,LShape,3.5,,,,0.0,5.0,0.5,,,,,
L5X3-1/2X3/8,L,LShape,3.5,,,,0.0,5.0,0.375,,,,,
L5X3-1/2X5/16,L,LShape,3.5,,,,0.0,5.0,0.313,,,,,
L5X3-1/2X1/4,L,LShape,3.5,,,,0.0,5.0,0.25,,,,,
L5X3X1/2,L,LShape,3.0,,,,0.0,5.0,0.5,,,,,
L5X3X7/16,L,LShape,3.0,,,,0.0,5.0,0.438,,,,,
L5X3X3/8,L,LShape,3.0,,,,0.0,5.0,0.375,,,,,
L5X3X5/16,L,LShape,3.0,,,,0.0,5.0,0.313,,,,,
L5X3X1/4,L,LShape,3.0,,,,0.0,5.0,0.25,,,,,
L4X4X3/4,L,LShape,4.0,,,,0.0,4.0,0.75,,,,,
L4X4X5/8,L,LShape,4.0,,,,0.0,4.0,0.625,,,,,
L4X4X1/2,L,LShape,4.0,,,,0.0,4.0,0.5,,,,,
L4X4X7/16,L,LShape,4.0,,,,0.0,4.0,0.438,,,,,
L4X4X3/8,L,LShape,4.0,,,,0.0,4.0,0.375,,,,,
L4X4X5/16,L,LShape,4.0,,,,0.0,4.0,0.313,,,,,
L4X4X1/4,L,LShape,4.0,,,,0.0,4.0,0.25,,,,,
L4X3-1/2X1/2,L,LShape,3.5,,,,0.0,4.0,0.5,,,,,
L4X3-1/2X3/8,L,LShape,3.5,,,,0.0,4.0,0.375,,,,,
L4X3-1/2X5/16,L,LShape,3.5,,,,0.0,4.0,0.313,,,,,
L4X3-1/2X1/4,L,LShape,3.5,,,,0.0,4.0,0.25,,,,,
L4X3X5/8,L,LShape,3.0,,,,0.0,4.0,0.625,,,,,
L4X3X1/2,L,LShape,3.0,,,,0.0,4.0,0.5,,,,,
L4X3X3/8,L,LShape,3.0,,,,0.0,4.0,0.375,,,,,
L4X3X5/16,L,LShape,3.0,,,,0.0,4.0,0.313,,,,,
L4X3X1/4,L,LShape,3.0,,,,0.0,4.0,0.25,,,,,
L3-1/2X3-1/2X1/2,L,LShape,3.5,,,,0.0,3.5,0.5,,,,,
L3-1/2X3-1/2X7/16,L,LShape,3.5,,,,0.0,3.5,0.438,,,,,
L3-1/2X3-1/2X3/8,L,LShape,3.5,,,,0.0,3.5,0.375,,,,,
L3-1/2X3-1/2X5/16,L,LShape,3.5,,,,0.0,3.5,0.313,,,,,
L3-1/2X3-1/2X1/4,L,LShape,3.5,,,,0.0,3.5,0.25,,,,,
L3-1/2X3X1/2,L,LShape,3.0,,,,0.0,3.5,0.5,,,,,
L3-1/2X3X7/16,L,LShape,3.0,,,,0.0,3.5,0.438,,,,,
L3-1/2X3X3/8,L,LShape,3.0,,,,0.0,3.5,0.375,,,,,
L3-1/2X3X5/16,L,LShape,3.0,,,,0.0,3.5,0.313,,,,,
L3-1/2X3X1/4,L,LShape,3.0,,,,0.0,3.5,0.25,,,,,
L3-1/2X2-1/2X1/2,L,LShape,2.5,,,,0.0,3.5,0.5,,,,,
L3-1/2X2-1/2X3/8,L,LShape,2.5,,,,0.0,3.5,0.375,,,,,
L3-1/2X2-1/2X5/16,L,LShape,2.5,,,,0.0,3.5,0.313,,,,,
L3-1/2X2-1/2X1/4,L,LShape,2.5,,,,0.0,3.5,0.25,,,,,
L3X3X1/2,L,LShape,3.0,,,,0.0,3.0,0.5,,,,,
L3X3X7/16,L,LShape,3.0,,,,0.0,3.0,0.438,,,,,
L3X3X3/8,L,LShape,3.0,,,,0.0,3.0,0.375,,,,,
L3X3X5/16,L,LShape,3.0,,,,0.0,3.0,0.313,,,,,
L3X3X1/4,L,LShape,3.0,,,,0.0,3.0,0.25,,,,,
L3X3X3/16,L,LShape,3.0,,,,0.0,3.0,0.188,,,,,
L3X2-1/2X1/2,L,LShape,2.5,,,,0.0,3.0,0.5,,,,,
L3X2-1/2X7/16,L,LShape,2.5,,,,0.0,3.0,0.438,,,,,
L3X2-1/2X3/8,L,LShape,2.5,,,,0.0,3.0,0.375,,,,,
L3X2-1/2X5/16,L,LShape,2.5,,,,0.0,3.0,0.313,,,,,
L3X2-1/2X1/4,L,LShape,2.5,,,,0.0,3.0,0.25,,,,,
L3X2-1/2X3/16,L,LShape,2.5,,,,0.0,3.0,0.188,,,,,
L3X2X1/2,L,LShape,2.0,,,,0.0,3.0,0.5,,,,,
L3X2X3/8,L,LShape,2.0,,,,0.0,3.0,0.375,,,,,
L3X2X5/16,L,LShape,2.0,,,,0.0,3.0,0.313,,,,,
L3X2X1/4,L,LShape,2.0,,,,0.0,3.0,0.25,,,,,
L3X2X3/16,L,LShape,2.0,,,,0.0,3.0,0.188,,,,,
L2-1/2X2-1/2X1/2,L,LShape,2.5,,,,0.0,2.5,0.5,,,,,
L2-1/2X2-1/2X3/8,L,LShape,2.5,,,,0.0,2.5,0.375,,,,,
L2-1/2X2-1/2X5/16,L,LShape,2.5,,,,0.0,2.5,0.313,,,,,
L2-1/2X2-1/2X1/4,L,LShape,2.5,,,,0.0,2.5,0.25,,,,,
L2-1/2X2-1/2X3/16,L,LShape,2.5,,,,0.0,2.5,0.188,,,,,
L2-1/2X2X3/8,L,LShape,2.0,,,,0.0,2.5,0.375,,,,,
L2-1/2X2X5/16,L,LShape,2.0,,,,0.0,2.5,0.313,,,,,
L2-1/2X2X1/4,L,LShape,2.0,,,,0.0,2.5,0.25,,,,,
L2-1/2X2X3/16,L,LShape,2.0,,,,0.0,2.5,0.188,,,,,
L2-1/2X1-1/2X1/4,L,LShape,1.5,,,,0.0,2.5,0.25,,,,,
L2-1/2X1-1/2X3/16,L,LShape,1.5,,,,0.0,2.5,0.188,,,,,
L2X2X3/8,L,LShape,2.0,,,,0.0,2.0,0.375,,,,,
L2X2X5/16,L,LShape,2.0,,,,0.0,2.0,0.313,,,,,
L2X2X1/4,L,LShape,2.0,,,,0.0,2.0,0.25,,,,,
L2X2X3/16,L,LShape,2.0,,,,0.0,2.0,0.188,,,,,
L2X2X1/8,L,LShape,2.0,,,,0.0,2.0,0.125,,,,,
WT22X167.5,WT,TShape,22.0,15.9,1.03,1.77,0.79,,,,,,,
WT22X145,WT,TShape,21.8,15.8,0.865,1.58,0.78,,,,,,,
WT22X131,WT,TShape,21.7,15.8,0.785,1.42,0.78,,,,,,,
WT22X115,WT,TShape,21.5,15.8,0.71,1.22,0.79,,,,,,,
WT20X327.5,WT,TShape,21.8,16.9,1.97,3.54,1.18,,,,,,,
WT20X296.5,WT,TShape,21.5,16.7,1.79,3.23,1.18,,,,,,,
WT20X251.5,WT,TShape,21.0,16.4,1.54,2.76,1.18,,,,,,,
WT20X215.5,WT,TShape,20.6,16.2,1.34,2.36,1.18,,,,,,,
WT20X198.5,WT,TShape,20.5,16.1,1.22,2.2,1.18,,,,,,,
WT20X186,WT,TShape,20.3,16.1,1.16,2.05,1.18,,,,,,,
WT20X181,WT,TShape,20.3,16.0,1.12,2.01,1.18,,,,,,,
WT20X162,WT,TShape,20.1,15.9,1.0,1.81,1.18,,,,,,,
WT20X148.5,WT,TShape,19.9,15.8,0.93,1.65,1.18,,,,,,,
WT20X138.5,WT,TShape,19.8,15.8,0.83,1.58,1.18,,,,,,,
WT20X124.5,WT,TShape,19.7,15.8,0.75,1.42,1.18,,,,,,,
WT20X107.5,WT,TShape,19.5,15.8,0.65,1.22,1.18,,,,,,,
WT20X99.5,WT,TShape,19.3,15.8,0.65,1.07,1.18,,,,,,,
WT20X196,WT,TShape,20.8,12.4,1.42,2.52,1.18,,,,,,,
WT20X165.5,WT,TShape,20.4,12.2,1.22,2.13,1.18,,,,,,,
WT20X163.5,WT,TShape,20.4,12.1,1.18,2.13,1.18,,,,,,,
WT20X147,WT,TShape,20.2,12.0,1.06,1.93,1.18,,,,,,,
WT20X139,WT,TShape,20.1,12.0,1.03,1.81,1.18,,,,,,,
WT20X132,WT,TShape,20.0,11.9,0.96,1.73,1.18,,,,,,,
WT20X117.5,WT,TShape,19.8,11.9,0.83,1.58,1.18,,,,,,,
WT20X105.5,WT,TShape,19.7,11.8,0.75,1.42,1.18,,,,,,,
WT20X91.5,WT,TShape,19.5,11.8,0.65,1.2,1.18,,,,,,,
WT20X83.5,WT,TShape,19.3,11.8,0.65,1.03,1.18,,,,,,,
WT20X74.5,WT,TShape,19.1,11.8,0.63,0.83,1.18,,,,,,,
WT18X462.5,WT,TShape,21.6,18.6,3.02,4.53,0.75,,,,,,,
WT18X426.5,WT,TShape,21.6,18.2,2.52,4.53,0.75,,,,,,,
WT18X401,WT,TShape,21.3,18.0,2.38,4.29,0.75,,,,,,,
WT18X361.5,WT,TShape,20.9,17.8,2.17,3.9,0.75,,,,,,,
WT18X326,WT,TShape,20.5,17.6,1.97,3.54,0.95,,,,,,,
WT18X264.5,WT,TShape,19.9,17.2,1.61,2.91,0.95,,,,,,,
WT18X243.5,WT,TShape,19.7,17.1,1.5,2.68,0.95,,,,,,,
WT18X220.5,WT,TShape,19.4,17.0,1.36,2.44,0.95,,,,,,,
WT18X197.5,WT,TShape,19.2,16.8,1.22,2.2,0.95,,,,,,,
WT18X180.5,WT,TShape,19.0,16.7,1.12,2.01,0.95,,,,,,,
WT18X165,WT,TShape,18.8,16.6,1.02,1.85,0.95,,,,,,,
WT18X151,WT,TShape,18.7,16.7,0.945,1.68,0.95,,,,,,,
WT18X141,WT,TShape,18.6,16.6,0.885,1.57,0.95,,,,,,,
WT18X131,WT,TShape,18.4,16.6,0.84,1.44,0.95,,,,,,,
WT18X123.5,WT,TShape,18.3,16.5,0.8,1.35,0.95,,,,,,,
WT18X115.5,WT,TShape,18.2,16.5,0.76,1.26,0.95,,,,,,,
WT18X128,WT,TShape,18.7,12.2,0.96,1.73,0.75,,,,,,,
WT18X116,WT,TShape,18.6,12.1,0.87,1.57,0.75,,,,,,,
WT18X105,WT,TShape,18.3,12.2,0.83,1.36,0.75,,,,,,,
WT18X97,WT,TShape,18.2,12.1,0.765,1.26,0.75,,,,,,,
WT18X91,WT,TShape,18.2,12.1,0.725,1.18,0.75,,,,,,,
WT18X85,WT,TShape,18.1,12.0,0.68,1.1,0.75,,,,,,,
WT18X80,WT,TShape,18.0,12.0,0.65,1.02,0.75,,,,,,,
WT18X75,WT,TShape,17.9,12.0,0.625,0.94,0.75,,,,,,,
WT18X67.5,WT,TShape,17.8,12.0,0.6,0.79,0.75,,,,,,,
WT16.5X193.5,WT,TShape,18.0,16.2,1.26,2.28,0.79,,,,,,,
WT16.5X177,WT,TShape,17.8,16.1,1.16,2.09,0.79,,,,,,,
WT16.5X159,WT,TShape,17.6,16.0,1.04,1.89,0.79,,,,,,,
WT16.5X145.5,WT,TShape,17.4,15.9,0.96,1.73,0.79,,,,,,,
WT16.5X131.5,WT,TShape,17.3,15.8,0.87,1.57,0.79,,,,,,,
WT16.5X120.5,WT,TShape,17.1,15.9,0.83,1.4,0.79,,,,,,,
WT16.5X110.5,WT,TShape,17.0,15.8,0.775,1.28,0.78,,,,,,,
WT16.5X100.5,WT,TShape,16.8,15.7,0.715,1.15,0.79,,,,,,,
WT16.5X84.5,WT,TShape,16.9,11.5,0.67,1.22,0.7,,,,,,,
WT16.5X76,WT,TShape,16.7,11.6,0.635,1.06,0.7,,,,,,,
WT16.5X70.5,WT,TShape,16.7,11.5,0.605,0.96,0.7,,,,,,,
WT16.5X65,WT,TShape,16.5,11.5,0.58,0.855,0.705,,,,,,,
WT16.5X59,WT,TShape,16.4,11.5,0.55,0.74,0.7,,,,,,,
WT15X195.5,WT,TShape,16.6,15.6,1.36,2.44,0.79,,,,,,,
WT15X178.5,WT,TShape,16.4,15.5,1.24,2.24,0.79,,,,,,,
WT15X163,WT,TShape,16.2,15.4,1.14,2.05,0.79,,,,,,,
WT15X146,WT,TShape,16.0,15.3,1.02,1.85,0.79,,,,,,,
WT15X130.5,WT,TShape,15.8,15.2,0.93,1.65,0.79,,,,,,,
WT15X117.5,WT,TShape,15.7,15.1,0.83,1.5,0.79,,,,,,,
WT15X105.5,WT,TShape,15.5,15.1,0.775,1.32,0.78,,,,,,,
WT15X95.5,WT,TShape,15.3,15.0,0.71,1.19,0.78,,,,,,,
WT15X86.5,WT,TShape,15.2,15.0,0.655,1.07,0.78,,,,,,,
WT15X74,WT,TShape,15.3,10.5,0.65,1.18,0.65,,,,,,,
WT15X66,WT,TShape,15.2,10.5,0.615,1.0,0.65,,,,,,,
WT15X62,WT,TShape,15.1,10.5,0.585,0.93,0.65,,,,,,,
WT15X58,WT,TShape,15.0,10.5,0.565,0.85,0.65,,,,,,,
WT15X54,WT,TShape,14.9,10.5,0.545,0.76,0.65,,,,,,,
WT15X49.5,WT,TShape,14.8,10.5,0.52,0.67,0.65,,,,,,,
WT15X45,WT,TShape,14.8,10.4,0.47,0.61,0.65,,,,,,,
WT13.5X269.5,WT,TShape,16.3,15.3,1.97,3.54,0.79,,,,,,,
WT13.5X184,WT,TShape,15.2,14.7,1.38,2.48,0.79,,,,,,,
WT13.5X168,WT,TShape,15.0,14.6,1.26,2.28,0.79,,,,,,,
WT13.5X153.5,WT,TShape,14.8,14.4,1.16,2.09,0.79,,,,,,,
WT13.5X140.5,WT,TShape,14.6,14.4,1.06,1.93,0.79,,,,,,,
WT13.5X129,WT,TShape,14.5,14.3,0.98,1.77,0.79,,,,,,,
WT13.5X117.5,WT,TShape,14.3,14.2,0.91,1.61,0.79,,,,,,,
WT13.5X108.5,WT,TShape,14.2,14.1,0.83,1.5,0.79,,,,,,,
WT13.5X97,WT,TShape,14.1,14.0,0.75,1.34,0.79,,,,,,,
WT13.5X89,WT,TShape,13.9,14.1,0.725,1.19,0.79,,,,,,,
WT13.5X80.5,WT,TShape,13.8,14.0,0.66,1.08,0.79,,,,,,,
WT13.5X73,WT,TShape,13.7,14.0,0.605,0.975,0.785,,,,,,,
WT13.5X64.5,WT,TShape,13.8,10.0,0.61,1.1,0.6,,,,,,,
WT13.5X57,WT,TShape,13.6,10.1,0.57,0.93,0.6,,,,,,,
WT13.5X51,WT,TShape,13.5,10.0,0.515,0.83,0.6,,,,,,,
WT13.5X47,WT,TShape,13.5,10.0,0.49,0.745,0.595,,,,,,,
WT13.5X42,WT,TShape,13.4,10.0,0.46,0.64,0.6,,,,,,,
WT12X185,WT,TShape,14.0,13.7,1.52,2.72,0.5,,,,,,,
WT12X167.5,WT,TShape,13.8,13.5,1.38,2.48,0.5,,,,,,,
WT12X153,WT,TShape,13.6,13.4,1.26,2.28,0.5,,,,,,,
WT12X139.5,WT,TShape,13.4,13.3,1.16,2.09,0.5,,,,,,,
WT12X125,WT,TShape,13.2,13.2,1.04,1.89,0.5,,,,,,,
WT12X114.5,WT,TShape,13.0,13.1,0.96,1.73,0.5,,,,,,,
WT12X103.5,WT,TShape,12.9,13.0,0.87,1.57,0.5,,,,,,,
WT12X96,WT,TShape,12.7,13.0,0.81,1.46,0.5,,,,,,,
WT12X88,WT,TShape,12.6,12.9,0.75,1.34,0.5,,,,,,,
WT12X81,WT,TShape,12.5,13.0,0.705,1.22,0.5,,,,,,,
WT12X73,WT,TShape,12.4,12.9,0.65,1.09,0.5,,,,,,,
WT12X65.5,WT,TShape,12.2,12.9,0.605,0.96,0.5,,,,,,,
WT12X58.5,WT,TShape,12.1,12.8,0.55,0.85,0.5,,,,,,,
WT12X52,WT,TShape,12.0,12.8,0.5,0.75,0.5,,,,,,,
WT12X51.5,WT,TShape,12.3,9.0,0.55,0.98,0.5,,,,,,,
WT12X47,WT,TShape,12.2,9.07,0.515,0.875,0.505,,,,,,,
WT12X42,WT,TShape,12.1,9.02,0.47,0.77,0.5,,,,,,,
WT12X38,WT,TShape,12.0,8.99,0.44,0.68,0.5,,,,,,,
WT12X34,WT,TShape,11.9,8.97,0.415,0.585,0.505,,,,,,,
WT12X31,WT,TShape,11.9,7.04,0.43,0.59,0.5,,,,,,,
WT12X27.5,WT,TShape,11.8,7.01,0.395,0.505,0.505,,,,,,,
WT10.5X137.5,WT,TShape,12.1,12.9,1.22,2.19,1.18,,,,,,,
WT10.5X124,WT,TShape,11.9,12.8,1.1,1.99,1.18,,,,,,,
WT10.5X111.5,WT,TShape,11.7,12.7,1.0,1.79,1.18,,,,,,,
WT10.5X100.5,WT,TShape,11.5,12.6,0.91,1.63,0.5,,,,,,,
WT10.5X91,WT,TShape,11.4,12.5,0.83,1.48,0.5,,,,,,,
WT10.5X83,WT,TShape,11.2,12.4,0.75,1.36,0.5,,,,,,,
WT10.5X73.5,WT,TShape,11.0,12.5,0.72,1.15,0.5,,,,,,,
WT10.5X66,WT,TShape,10.9,12.4,0.65,1.04,0.5,,,,,,,
WT10.5X61,WT,TShape,10.8,12.4,0.6,0.96,0.5,,,,,,,
WT10.5X55.5,WT,TShape,10.8,12.3,0.55,0.875,0.505,,,,,,,
WT10.5X50.5,WT,TShape,10.7,12.3,0.5,0.8,0.5,,,,,,,
WT10.5X46.5,WT,TShape,10.8,8.42,0.58,0.93,0.5,,,,,,,
WT10.5X41.5,WT,TShape,10.7,8.36,0.515,0.835,0.505,,,,,,,
WT10.5X36.5,WT,TShape,10.6,8.3,0.455,0.74,0.5,,,,,,,
WT10.5X34,WT,TShape,10.6,8.27,0.43,0.685,0.505,,,,,,,
WT10.5X31,WT,TShape,10.5,8.24,0.4,0.615,0.505,,,,,,,
WT10.5X27.5,WT,TShape,10.4,8.22,0.375,0.522,0.498,,,,,,,
WT10.5X24,WT,TShape,10.3,8.14,0.35,0.43,0.5,,,,,,,
WT10.5X28.5,WT,TShape,10.5,6.56,0.405,0.65,0.5,,,,,,,
WT10.5X25,WT,TShape,10.4,6.53,0.38,0.535,0.505,,,,,,,
WT10.5X22,WT,TShape,10.3,6.5,0.35,0.45,0.5,,,,,,,
WT9X155.5,WT,TShape,11.2,12.0,1.52,2.74,0.5,,,,,,,
WT9X141.5,WT,TShape,10.9,11.9,1.4,2.5,0.5,,,,,,,
WT9X129,WT,TShape,10.7,11.8,1.28,2.3,0.4,,,,,,,
WT9X117,WT,TShape,10.5,11.7,1.16,2.11,0.4,,,,,,,
WT9X105.5,WT,TShape,10.3,11.6,1.06,1.91,0.4,,,,,,,
WT9X96,WT,TShape,10.2,11.5,0.96,1.75,0.4,,,,,,,
WT9X87.5,WT,TShape,10.0,11.4,0.89,1.59,0.4,,,,,,,
WT9X79,WT,TShape,9.86,11.3,0.81,1.44,0.4,,,,,,,
WT9X71.5,WT,TShape,9.75,11.2,0.73,1.32,0.4,,,,,,,
WT9X65,WT,TShape,9.63,11.2,0.67,1.2,0.4,,,,,,,
WT9X59.5,WT,TShape,9.49,11.3,0.655,1.06,0.4,,,,,,,
WT9X53,WT,TShape,9.37,11.2,0.59,0.94,0.4,,,,,,,
WT9X48.5,WT,TShape,9.3,11.1,0.535,0.87,0.4,,,,,,,
WT9X43,WT,TShape,9.2,11.1,0.48,0.77,0.4,,,,,,,
WT9X38,WT,TShape,9.11,11.0,0.425,0.68,0.4,,,,,,,
WT9X35.5,WT,TShape,9.24,7.64,0.495,0.81,0.4,,,,,,,
WT9X32.5,WT,TShape,9.18,7.59,0.45,0.75,0.4,,,,,,,
WT9X30,WT,TShape,9.12,7.56,0.415,0.695,0.405,,,,,,,
WT9X27.5,WT,TShape,9.06,7.53,0.39,0.63,0.4,,,,,,,
WT9X25,WT,TShape,9.0,7.5,0.355,0.57,0.402,,,,,,,
WT9X23,WT,TShape,9.03,6.06,0.36,0.605,0.405,,,,,,,
WT9X20,WT,TShape,8.95,6.02,0.315,0.525,0.402,,,,,,,
WT9X17.5,WT,TShape,8.85,6.0,0.3,0.425,0.402,,,,,,,
WT8X50,WT,TShape,8.49,10.4,0.585,0.985,0.405,,,,,,,
WT8X44.5,WT,TShape,8.38,10.4,0.525,0.875,0.405,,,,,,,
WT8X38.5,WT,TShape,8.26,10.3,0.455,0.76,0.4,,,,,,,
WT8X33.5,WT,TShape,8.17,10.2,0.395,0.665,0.405,,,,,,,
WT8X28.5,WT,TShape,8.22,7.12,0.43,0.715,0.405,,,,,,,
WT8X25,WT,TShape,8.13,7.07,0.38,0.63,0.4,,,,,,,
WT8X22.5,WT,TShape,8.07,7.04,0.345,0.565,0.402,,,,,,,
WT8X20,WT,TShape,8.01,7.0,0.305,0.505,0.402,,,,,,,
WT8X18,WT,TShape,7.93,6.99,0.295,0.43,0.402,,,,,,,
WT8X15.5,WT,TShape,7.94,5.53,0.275,0.44,0.402,,,,,,,
WT8X13,WT,TShape,7.85,5.5,0.25,0.345,0.402,,,,,,,
WT7X436.5,WT,TShape,11.8,18.8,3.94,5.51,0.59,,,,,,,
WT7X404,WT,TShape,11.4,18.6,3.74,5.12,0.59,,,,,,,
WT7X365,WT,TShape,11.2,17.9,3.07,4.91,0.6,,,,,,,
WT7X332.5,WT,TShape,10.8,17.7,2.83,4.52,0.6,,,,,,,
WT7X302.5,WT,TShape,10.5,17.4,2.6,4.16,0.6,,,,,,,
WT7X275,WT,TShape,10.1,17.2,2.38,3.82,0.6,,,,,,,
WT7X250,WT,TShape,9.8,17.0,2.19,3.5,0.6,,,,,,,
WT7X227.5,WT,TShape,9.51,16.8,2.02,3.21,0.6,,,,,,,
WT7X213,WT,TShape,9.34,16.7,1.88,3.04,0.59,,,,,,,
WT7X199,WT,TShape,9.15,16.6,1.77,2.85,0.59,,,,,,,
WT7X185,WT,TShape,8.96,16.5,1.66,2.66,0.6,,,,,,,
WT7X171,WT,TShape,8.77,16.4,1.54,2.47,0.6,,,,,,,
WT7X155.5,WT,TShape,8.56,16.2,1.41,2.26,0.6,,,,,,,
WT7X141.5,WT,TShape,8.37,16.1,1.29,2.07,0.6,,,,,,,
WT7X128.5,WT,TShape,8.19,16.0,1.18,1.89,0.6,,,,,,,
WT7X116.5,WT,TShape,8.02,15.9,1.07,1.72,0.6,,,,,,,
WT7X105.5,WT,TShape,7.86,15.8,0.98,1.56,0.6,,,,,,,
WT7X96.5,WT,TShape,7.74,15.7,0.89,1.44,0.6,,,,,,,
WT7X88,WT,TShape,7.61,15.7,0.83,1.31,0.6,,,,,,,
WT7X79.5,WT,TShape,7.49,15.6,0.745,1.19,0.6,,,,,,,
WT7X72.5,WT,TShape,7.39,15.5,0.68,1.09,0.6,,,,,,,
WT7X66,WT,TShape,7.33,14.7,0.645,1.03,0.6,,,,,,,
WT7X60,WT,TShape,7.24,14.7,0.59,0.94,0.6,,,,,,,
WT7X54.5,WT,TShape,7.16,14.6,0.525,0.86,0.6,,,,,,,
WT7X49.5,WT,TShape,7.08,14.6,0.485,0.78,0.6,,,,,,,
WT7X45,WT,TShape,7.01,14.5,0.44,0.71,0.6,,,,,,,
WT7X41,WT,TShape,7.16,10.1,0.51,0.855,0.595,,,,,,,
WT7X37,WT,TShape,7.09,10.1,0.45,0.785,0.595,,,,,,,
WT7X34,WT,TShape,7.02,10.0,0.415,0.72,0.59,,,,,,,
WT7X30.5,WT,TShape,6.95,10.0,0.375,0.645,0.595,,,,,,,
WT7X26.5,WT,TShape,6.96,8.06,0.37,0.66,0.59,,,,,,,
WT7X24,WT,TShape,6.9,8.03,0.34,0.595,0.595,,,,,,,
WT7X21.5,WT,TShape,6.83,8.0,0.305,0.53,0.59,,,,,,,
WT7X19,WT,TShape,7.05,6.77,0.31,0.515,0.4,,,,,,,
WT7X17,WT,TShape,6.99,6.75,0.285,0.455,0.4,,,,,,,
WT7X15,WT,TShape,6.92,6.73,0.27,0.385,0.4,,,,,,,
WT7X13,WT,TShape,6.96,5.03,0.255,0.42,0.4,,,,,,,
WT7X11,WT,TShape,6.87,5.0,0.23,0.335,0.4,,,,,,,
WT6X168,WT,TShape,8.41,13.4,1.78,2.96,0.59,,,,,,,
WT6X152.5,WT,TShape,8.16,13.2,1.63,2.71,0.59,,,,,,,
WT6X139.5,WT,TShape,7.93,13.1,1.53,2.47,0.6,,,,,,,
WT6X126,WT,TShape,7.71,13.0,1.4,2.25,0.6,,,,,,,
WT6X115,WT,TShape,7.53,12.9,1.29,2.07,0.6,,,,,,,
WT6X105,WT,TShape,7.36,12.8,1.18,1.9,0.6,,,,,,,
WT6X95,WT,TShape,7.19,12.7,1.06,1.74,0.59,,,,,,,
WT6X85,WT,TShape,7.02,12.6,0.96,1.56,0.6,,,,,,,
WT6X76,WT,TShape,6.86,12.5,0.87,1.4,0.6,,,,,,,
WT6X68,WT,TShape,6.71,12.4,0.79,1.25,0.6,,,,,,,
WT6X60,WT,TShape,6.56,12.3,0.71,1.11,0.59,,,,,,,
WT6X53,WT,TShape,6.45,12.2,0.61,0.99,0.6,,,,,,,
WT6X48,WT,TShape,6.36,12.2,0.55,0.9,0.6,,,,,,,
WT6X43.5,WT,TShape,6.27,12.1,0.515,0.81,0.6,,,,,,,
WT6X39.5,WT,TShape,6.19,12.1,0.47,0.735,0.595,,,,,,,
WT6X36,WT,TShape,6.13,12.0,0.43,0.67,0.6,,,,,,,
WT6X32.5,WT,TShape,6.06,12.0,0.39,0.605,0.595,,,,,,,
WT6X29,WT,TShape,6.1,10.0,0.36,0.64,0.6,,,,,,,
WT6X26.5,WT,TShape,6.03,10.0,0.345,0.575,0.605,,,,,,,
WT6X25,WT,TShape,6.1,8.08,0.37,0.64,0.5,,,,,,,
WT6X22.5,WT,TShape,6.03,8.05,0.335,0.575,0.505,,,,,,,
WT6X20,WT,TShape,5.97,8.01,0.295,0.515,0.505,,,,,,,
WT6X17.5,WT,TShape,6.25,6.56,0.3,0.52,0.3,,,,,,,
WT6X15,WT,TShape,6.17,6.52,0.26,0.44,0.3,,,,,,,
WT6X13,WT,TShape,6.11,6.49,0.23,0.38,0.3,,,,,,,
WT6X11,WT,TShape,6.16,4.03,0.26,0.425,0.3,,,,,,,
WT6X9.5,WT,TShape,6.08,4.01,0.235,0.35,0.3,,,,,,,
WT6X8,WT,TShape,6.0,3.99,0.22,0.265,0.3,,,,,,,
WT6X7,WT,TShape,5.96,3.97,0.2,0.225,0.3,,,,,,,
WT5X56,WT,TShape,5.68,10.4,0.755,1.25,0.5,,,,,,,
WT5X50,WT,TShape,5.55,10.3,0.68,1.12,0.5,,,,,,,
WT5X44,WT,TShape,5.42,10.3,0.605,0.99,0.5,,,,,,,
WT5X38.5,WT,TShape,5.3,10.2,0.53,0.87,0.5,,,,,,,
WT5X34,WT,TShape,5.2,10.1,0.47,0.77,0.5,,,,,,,
WT5X30,WT,TShape,5.11,10.1,0.42,0.68,0.5,,,,,,,
WT5X27,WT,TShape,5.05,10.0,0.37,0.615,0.505,,,,,,,
WT5X24.5,WT,TShape,4.99,10.0,0.34,0.56,0.5,,,,,,,
WT5X22.5,WT,TShape,5.05,8.02,0.35,0.62,0.5,,,,,,,
WT5X19.5,WT,TShape,4.96,7.99,0.315,0.53,0.5,,,,,,,
WT5X16.5,WT,TShape,4.87,7.96,0.29,0.435,0.5,,,,,,,
WT5X15,WT,TShape,5.24,5.81,0.3,0.51,0.3,,,,,,,
WT5X13,WT,TShape,5.17,5.77,0.26,0.44,0.3,,,,,,,
WT5X11,WT,TShape,5.09,5.75,0.24,0.36,0.3,,,,,,,
WT5X9.5,WT,TShape,5.12,4.02,0.25,0.395,0.3,,,,,,,
WT5X8.5,WT,TShape,5.06,4.01,0.24,0.33,0.3,,,,,,,
WT5X7.5,WT,TShape,5.0,4.0,0.23,0.27,0.3,,,,,,,
WT5X6,WT,TShape,4.94,3.96,0.19,0.21,0.3,,,,,,,
WT4X33.5,WT,TShape,4.5,8.28,0.57,0.935,0.395,,,,,,,
WT4X29,WT,TShape,4.38,8.22,0.51,0.81,0.39,,,,,,,
WT4X24,WT,TShape,4.25,8.11,0.4,0.685,0.395,,,,,,,
WT4X20,WT,TShape,4.13,8.07,0.36,0.56,0.394,,,,,,,
WT4X17.5,WT,TShape,4.06,8.02,0.31,0.495,0.394,,,,,,,
WT4X15.5,WT,TShape,4.0,8.0,0.285,0.435,0.394,,,,,,,
WT4X14,WT,TShape,4.03,6.54,0.285,0.465,0.394,,,,,,,
WT4X12,WT,TShape,3.97,6.5,0.245,0.4,0.394,,,,,,,
WT4X10.5,WT,TShape,4.14,5.27,0.25,0.4,0.3,,,,,,,
WT4X9,WT,TShape,4.07,5.25,0.23,0.33,0.3,,,,,,,
WT4X7.5,WT,TShape,4.06,4.02,0.245,0.315,0.3,,,,,,,
WT4X6.5,WT,TShape,4.0,4.0,0.23,0.255,0.3,,,,,,,
WT4X5,WT,TShape,3.95,3.94,0.17,0.205,0.3,,,,,,,
WT3X12.5,WT,TShape,3.19,6.08,0.32,0.455,0.25,,,,,,,
WT3X10,WT,TShape,3.1,6.02,0.26,0.365,0.25,,,,,,,
WT3X7.5,WT,TShape,3.0,5.99,0.23,0.26,0.25,,,,,,,
WT3X8,WT,TShape,3.14,4.03,0.26,0.405,0.25,,,,,,,
WT3X6,WT,TShape,3.02,4.0,0.23,0.28,0.25,,,,,,,
WT3X4.5,WT,TShape,2.95,3.94,0.17,0.215,0.25,,,,,,,
WT3X4.25,WT,TShape,2.92,3.94,0.17,0.195,0.25,,,,,,,
WT2.5X9.5,WT,TShape,2.58,5.03,0.27,0.43,0.3,,,,,,,
WT2.5X8,WT,TShape,2.51,5.0,0.24,0.36,0.3,,,,,,,
WT2X6.5,WT,TShape,2.08,4.06,0.28,0.345,0.25,,,,,,,
MT6.25X6.2,MT,TShape,6.27,3.75,0.155,0.228,0.335,,,,,,,
MT6.25X5.8,MT,TShape,6.25,3.5,0.155,0.211,0.352,,,,,,,
MT6X5.9,MT,TShape,6.0,3.07,0.177,0.225,0.338,,,,,,,
MT6X5.4,MT,TShape,5.99,3.07,0.16,0.21,0.353,,,,,,,
MT6X5,MT,TShape,5.99,3.25,0.149,0.18,0.32,,,,,,,
MT5X4.5,MT,TShape,5.0,2.69,0.157,0.206,0.357,,,,,,,
MT5X4,MT,TShape,4.98,2.69,0.141,0.182,0.381,,,,,,,
MT5X3.75,MT,TShape,5.0,2.69,0.13,0.173,0.265,,,,,,,
MT4X3.25,MT,TShape,4.0,2.28,0.135,0.189,0.374,,,,,,,
MT4X3.1,MT,TShape,4.0,2.28,0.129,0.177,0.261,,,,,,,
MT3X2.2,MT,TShape,3.0,1.84,0.114,0.171,0.204,,,,,,,
MT3X1.85,MT,TShape,2.96,2.0,0.098,0.129,0.184,,,,,,,
MT2.5X9.45,MT,TShape,2.5,5.0,0.316,0.416,0.397,,,,,,,
MT2X3,MT,TShape,1.9,3.8,0.13,0.16,0.34,,,,,,,
ST12X60.5,ST,TShape,12.3,8.05,0.8,1.09,0.91,,,,,,,
ST12X53,ST,TShape,12.3,7.87,0.62,1.09,0.91,,,,,,,
ST12X50,ST,TShape,12.0,7.25,0.745,0.87,0.88,,,,,,,
ST12X45,ST,TShape,12.0,7.13,0.625,0.87,0.88,,,,,,,
ST12X40,ST,TShape,12.0,7.0,0.5,0.87,0.88,,,,,,,
ST10X48,ST,TShape,10.2,7.2,0.8,0.92,0.83,,,,,,,
ST10X43,ST,TShape,10.2,7.06,0.66,0.92,0.83,,,,,,,
ST10X37.5,ST,TShape,10.0,6.39,0.635,0.795,0.835,,,,,,,
ST10X33,ST,TShape,10.0,6.26,0.505,0.795,0.835,,,,,,,
ST9X35,ST,TShape,9.0,6.25,0.711,0.691,0.809,,,,,,,
ST9X27.35,ST,TShape,9.0,6.0,0.461,0.691,0.809,,,,,,,
ST7.5X25,ST,TShape,7.5,5.64,0.55,0.622,0.758,,,,,,,
ST7.5X21.45,ST,TShape,7.5,5.5,0.411,0.622,0.758,,,,,,,
ST6X25,ST,TShape,6.0,5.48,0.687,0.659,0.781,,,,,,,
ST6X20.4,ST,TShape,6.0,5.25,0.462,0.659,0.781,,,,,,,
ST6X17.5,ST,TShape,6.0,5.08,0.428,0.544,0.646,,,,,,,
ST6X15.9,ST,TShape,6.0,5.0,0.35,0.544,0.646,,,,,,,
ST5X17.5,ST,TShape,5.0,4.94,0.594,0.491,0.639,,,,,,,
ST5X12.7,ST,TShape,5.0,4.66,0.311,0.491,0.639,,,,,,,
ST4X11.5,ST,TShape,4.0,4.17,0.441,0.425,0.575,,,,,,,
ST4X9.2,ST,TShape,4.0,4.0,0.271,0.425,0.575,,,,,,,
ST3X8.6,ST,TShape,3.0,3.57,0.465,0.359,0.454,,,,,,,
ST3X6.25,ST,TShape,3.0,3.33,0.232,0.359,0.454,,,,,,,
ST2.5X5,ST,TShape,2.5,3.0,0.214,0.326,0.424,,,,,,,
ST2X4.75,ST,TShape,2.0,2.8,0.326,0.293,0.457,,,,,,,
ST2X3.85,ST,TShape,2.0,2.66,0.193,0.293,0.457,,,,,,,
ST1.5X3.75,ST,TShape,1.5,2.51,0.349,0.26,0.365,,,,,,,
ST1.5X2.85,ST,TShape,1.5,2.33,0.17,0.26,0.365,,,,,,,
HSS24X12X3/4,HSS,RectangleHollow,,,,,,,,24.0,12.0,0.698,,
HSS24X12X5/8,HSS,RectangleHollow,,,,,,,,24.0,12.0,0.581,,
HSS24X12X1/2,HSS,RectangleHollow,,,,,,,,24.0,12.0,0.465,,
HSS22X22X7/8,HSS,RectangleHollow,,,,,,,,22.0,22.0,0.814,,
HSS22X22X3/4,HSS,RectangleHollow,,,,,,,,22.0,22.0,0.698,,
HSS20X20X7/8,HSS,RectangleHollow,,,,,,,,20.0,20.0,0.814,,
HSS20X20X3/4,HSS,RectangleHollow,,,,,,,,20.0,20.0,0.698,,
HSS20X20X5/8,HSS,RectangleHollow,,,,,,,,20.0,20.0,0.581,,
HSS20X20X1/2,HSS,RectangleHollow,,,,,,,,20.0,20.0,0.465,,
HSS20X12X3/4,HSS,RectangleHollow,,,,,,,,20.0,12.0,0.698,,
HSS20X12X5/8,HSS,RectangleHollow,,,,,,,,20.0,12.0,0.581,,
HSS20X12X1/2,HSS,RectangleHollow,,,,,,,,20.0,12.0,0.465,,
HSS20X12X3/8,HSS,RectangleHollow,,,,,,,,20.0,12.0,0.349,,
HSS20X12X5/16,HSS,RectangleHollow,,,,,,,,20.0,12.0,0.291,,
HSS20X8X5/8,HSS,RectangleHollow,,,,,,,,20.0,8.0,0.581,,
HSS20X8X1/2,HSS,RectangleHollow,,,,,,,,20.0,8.0,0.465,,
HSS20X8X3/8,HSS,RectangleHollow,,,,,,,,20.0,8.0,0.349,,
HSS20X8X5/16,HSS,RectangleHollow,,,,,,,,20.0,8.0,0.291,,
HSS20X4X1/2,HSS,RectangleHollow,,,,,,,,20.0,4.0,0.465,,
HSS20X4X3/8,HSS,RectangleHollow,,,,,,,,20.0,4.0,0.349,,
HSS20X4X5/16,HSS,RectangleHollow,,,,,,,,20.0,4.0,0.291,,
HSS20X4X1/4,HSS,RectangleHollow,,,,,,,,20.0,4.0,0.233,,
HSS18X18X7/8,HSS,RectangleHollow,,,,,,,,18.0,18.0,0.814,,
HSS18X18X3/4,HSS,RectangleHollow,,,,,,,,18.0,18.0,0.698,,
HSS18X18X5/8,HSS,RectangleHollow,,,,,,,,18.0,18.0,0.581,,
HSS18X18X1/2,HSS,RectangleHollow,,,,,,,,18.0,18.0,0.465,,
HSS18X6X5/8,HSS,RectangleHollow,,,,,,,,18.0,6.0,0.581,,
HSS18X6X1/2,HSS,RectangleHollow,,,,,,,,18.0,6.0,0.465,,
HSS18X6X3/8,HSS,RectangleHollow,,,,,,,,18.0,6.0,0.349,,
HSS18X6X5/16,HSS,RectangleHollow,,,,,,,,18.0,6.0,0.291,,
HSS18X6X1/4,HSS,RectangleHollow,,,,,,,,18.0,6.0,0.233,,
HSS16X16X7/8,HSS,RectangleHollow,,,,,,,,16.0,16.0,0.814,,
HSS16X16X3/4,HSS,RectangleHollow,,,,,,,,16.0,16.0,0.698,,
HSS16X16X5/8,HSS,RectangleHollow,,,,,,,,16.0,16.0,0.581,,
HSS16X16X1/2,HSS,RectangleHollow,,,,,,,,16.0,16.0,0.465,,
HSS16X16X3/8,HSS,RectangleHollow,,,,,,,,16.0,16.0,0.349,,
HSS16X16X5/16,HSS,RectangleHollow,,,,,,,,16.0,16.0,0.291,,
HSS16X12X3/4,HSS,RectangleHollow,,,,,,,,16.0,12.0,0.698,,
HSS16X12X5/8,HSS,RectangleHollow,,,,,,,,16.0,12.0,0.581,,
HSS16X12X1/2,HSS,RectangleHollow,,,,,,,,16.0,12.0,0.465,,
HSS16X12X3/8,HSS,RectangleHollow,,,,,,,,16.0,12.0,0.349,,
HSS16X12X5/16,HSS,RectangleHollow,,,,,,,,16.0,12.0,0.291,,
HSS16X8X5/8,HSS,RectangleHollow,,,,,,,,16.0,8.0,0.581,,
HSS16X8X1/2,HSS,RectangleHollow,,,,,,,,16.0,8.0,0.465,,
HSS16X8X3/8,HSS,RectangleHollow,,,,,,,,16.0,8.0,0.349,,
HSS16X8X5/16,HSS,RectangleHollow,,,,,,,,16.0,8.0,0.291,,
HSS16X8X1/4,HSS,RectangleHollow,,,,,,,,16.0,8.0,0.233,,
HSS16X4X5/8,HSS,RectangleHollow,,,,,,,,16.0,4.0,0.581,,
HSS16X4X1/2,HSS,RectangleHollow,,,,,,,,16.0,4.0,0.465,,
HSS16X4X3/8,HSS,RectangleHollow,,,,,,,,16.0,4.0,0.349,,
HSS16X4X5/16,HSS,RectangleHollow,,,,,,,,16.0,4.0,0.291,,
HSS16X4X1/4,HSS,RectangleHollow,,,,,,,,16.0,4.0,0.233,,
HSS16X4X3/16,HSS,RectangleHollow,,,,,,,,16.0,4.0,0.174,,
HSS14X14X7/8,HSS,RectangleHollow,,,,,,,,14.0,14.0,0.814,,
HSS14X14X3/4,HSS,RectangleHollow,,,,,,,,14.0,14.0,0.698,,
HSS14X14X5/8,HSS,RectangleHollow,,,,,,,,14.0,14.0,0.581,,
HSS14X14X1/2,HSS,RectangleHollow,,,,,,,,14.0,14.0,0.465,,
HSS14X14X3/8,HSS,RectangleHollow,,,,,,,,14.0,14.0,0.349,,
HSS14X14X5/16,HSS,RectangleHollow,,,,,,,,14.0,14.0,0.291,,
HSS14X10X5/8,HSS,RectangleHollow,,,,,,,,14.0,10.0,0.581,,
HSS14X10X1/2,HSS,RectangleHollow,,,,,,,,14.0,10.0,0.465,,
HSS14X10X3/8,HSS,RectangleHollow,,,,,,,,14.0,10.0,0.349,,
HSS14X10X5/16,HSS,RectangleHollow,,,,,,,,14.0,10.0,0.291,,
HSS14X10X1/4,HSS,RectangleHollow,,,,,,,,14.0,10.0,0.233,,
HSS14X6X5/8,HSS,RectangleHollow,,,,,,,,14.0,6.0,0.581,,
HSS14X6X1/2,HSS,RectangleHollow,,,,,,,,14.0,6.0,0.465,,
HSS14X6X3/8,HSS,RectangleHollow,,,,,,,,14.0,6.0,0.349,,
HSS14X6X5/16,HSS,RectangleHollow,,,,,,,,14.0,6.0,0.291,,
HSS14X6X1/4,HSS,RectangleHollow,,,,,,,,14.0,6.0,0.233,,
HSS14X6X3/16,HSS,RectangleHollow,,,,,,,,14.0,6.0,0.174,,
HSS14X4X5/8,HSS,RectangleHollow,,,,,,,,14.0,4.0,0.581,,
HSS14X4X1/2,HSS,RectangleHollow,,,,,,,,14.0,4.0,0.465,,
HSS14X4X3/8,HSS,RectangleHollow,,,,,,,,14.0,4.0,0.349,,
HSS14X4X5/16,HSS,RectangleHollow,,,,,,,,14.0,4.0,0.291,,
HSS14X4X1/4,HSS,RectangleHollow,,,,,,,,14.0,4.0,0.233,,
HSS14X4X3/16,HSS,RectangleHollow,,,,,,,,14.0,4.0,0.174,,
HSS12X12X3/4,HSS,RectangleHollow,,,,,,,,12.0,12.0,0.698,,
HSS12X12X5/8,HSS,RectangleHollow,,,,,,,,12.0,12.0,0.581,,
HSS12X12X1/2,HSS,RectangleHollow,,,,,,,,12.0,12.0,0.465,,
HSS12X12X3/8,HSS,RectangleHollow,,,,,,,,12.0,12.0,0.349,,
HSS12X12X5/16,HSS,RectangleHollow,,,,,,,,12.0,12.0,0.291,,
HSS12X12X1/4,HSS,RectangleHollow,,,,,,,,12.0,12.0,0.233,,
HSS12X12X3/16,HSS,RectangleHollow,,,,,,,,12.0,12.0,0.174,,
HSS12X10X1/2,HSS,RectangleHollow,,,,,,,,12.0,10.0,0.465,,
HSS12X10X3/8,HSS,RectangleHollow,,,,,,,,12.0,10.0,0.349,,
HSS12X10X5/16,HSS,RectangleHollow,,,,,,,,12.0,10.0,0.291,,
HSS12X10X1/4,HSS,RectangleHollow,,,,,,,,12.0,10.0,0.233,,
HSS12X8X5/8,HSS,RectangleHollow,,,,,,,,12.0,8.0,0.581,,
HSS12X8X1/2,HSS,RectangleHollow,,,,,,,,12.0,8.0,0.465,,
HSS12X8X3/8,HSS,RectangleHollow,,,,,,,,12.0,8.0,0.349,,
HSS12X8X5/16,HSS,RectangleHollow,,,,,,,,12.0,8.0,0.291,,
HSS12X8X1/4,HSS,RectangleHollow,,,,,,,,12.0,8.0,0.233,,
HSS12X8X3/16,HSS,RectangleHollow,,,,,,,,12.0,8.0,0.174,,
HSS12X6X5/8,HSS,RectangleHollow,,,,,,,,12.0,6.0,0.581,,
HSS12X6X1/2,HSS,RectangleHollow,,,,,,,,12.0,6.0,0.465,,
HSS12X6X3/8,HSS,RectangleHollow,,,,,,,,12.0,6.0,0.349,,
HSS12X6X5/16,HSS,RectangleHollow,,,,,,,,12.0,6.0,0.291,,
HSS12X6X1/4,HSS,RectangleHollow,,,,,,,,12.0,6.0,0.233,,
HSS12X6X3/16,HSS,RectangleHollow,,,,,,,,12.0,6.0,0.174,,
HSS12X4X5/8,HSS,RectangleHollow,,,,,,,,12.0,4.0,0.581,,
HSS12X4X1/2,HSS,RectangleHollow,,,,,,,,12.0,4.0,0.465,,
HSS12X4X3/8,HSS,RectangleHollow,,,,,,,,12.0,4.0,0.349,,
HSS12X4X5/16,HSS,RectangleHollow,,,,,,,,12.0,4.0,0.291,,
HSS12X4X1/4,HSS,RectangleHollow,,,,,,,,12.0,4.0,0.233,,
HSS12X4X3/16,HSS,RectangleHollow,,,,,,,,12.0,4.0,0.174,,
HSS12X3-1/2X3/8,HSS,RectangleHollow,,,,,,,,12.0,3.5,0.349,,
HSS12X3-1/2X5/16,HSS,RectangleHollow,,,,,,,,12.0,3.5,0.291,,
HSS12X3X5/16,HSS,RectangleHollow,,,,,,,,12.0,3.0,0.291,,
HSS12X3X1/4,HSS,RectangleHollow,,,,,,,,12.0,3.0,0.233,,
HSS12X3X3/16,HSS,RectangleHollow,,,,,,,,12.0,3.0,0.174,,
HSS12X2X5/16,HSS,RectangleHollow,,,,,,,,12.0,2.0,0.291,,
HSS12X2X1/4,HSS,RectangleHollow,,,,,,,,12.0,2.0,0.233,,
HSS12X2X3/16,HSS,RectangleHollow,,,,,,,,12.0,2.0,0.174,,
HSS10X10X3/4,HSS,RectangleHollow,,,,,,,,10.0,10.0,0.698,,
HSS10X10X5/8,HSS,RectangleHollow,,,,,,,,10.0,10.0,0.581,,
HSS10X10X1/2,HSS,RectangleHollow,,,,,,,,10.0,10.0,0.465,,
HSS10X10X3/8,HSS,RectangleHollow,,,,,,,,10.0,10.0,0.349,,
HSS10X10X5/16,HSS,RectangleHollow,,,,,,,,10.0,10.0,0.291,,
HSS10X10X1/4,HSS,RectangleHollow,,,,,,,,10.0,10.0,0.233,,
HSS10X10X3/16,HSS,RectangleHollow,,,,,,,,10.0,10.0,0.174,,
HSS10X8X5/8,HSS,RectangleHollow,,,,,,,,10.0,8.0,0.581,,
HSS10X8X1/2,HSS,RectangleHollow,,,,,,,,10.0,8.0,0.465,,
HSS10X8X3/8,HSS,RectangleHollow,,,,,,,,10.0,8.0,0.349,,
HSS10X8X5/16,HSS,RectangleHollow,,,,,,,,10.0,8.0,0.291,,
HSS10X8X1/4,HSS,RectangleHollow,,,,,,,,10.0,8.0,0.233,,
HSS10X8X3/16,HSS,RectangleHollow,,,,,,,,10.0,8.0,0.174,,
HSS10X6X5/8,HSS,RectangleHollow,,,,,,,,10.0,6.0,0.581,,
HSS10X6X1/2,HSS,RectangleHollow,,,,,,,,10.0,6.0,0.465,,
HSS10X6X3/8,HSS,RectangleHollow,,,,,,,,10.0,6.0,0.349,,
HSS10X6X5/16,HSS,RectangleHollow,,,,,,,,10.0,6.0,0.291,,
HSS10X6X1/4,HSS,RectangleHollow,,,,,,,,10.0,6.0,0.233,,
HSS10X6X3/16,HSS,RectangleHollow,,,,,,,,10.0,6.0,0.174,,
HSS10X5X3/8,HSS,RectangleHollow,,,,,,,,10.0,5.0,0.349,,
HSS10X5X5/16,HSS,RectangleHollow,,,,,,,,10.0,5.0,0.291,,
HSS10X5X1/4,HSS,RectangleHollow,,,,,,,,10.0,5.0,0.233,,
HSS10X5X3/16,HSS,RectangleHollow,,,,,,,,10.0,5.0,0.174,,
HSS10X4X5/8,HSS,RectangleHollow,,,,,,,,10.0,4.0,0.581,,
HSS10X4X1/2,HSS,RectangleHollow,,,,,,,,10.0,4.0,0.465,,
HSS10X4X3/8,HSS,RectangleHollow,,,,,,,,10.0,4.0,0.349,,
HSS10X4X5/16,HSS,RectangleHollow,,,,,,,,10.0,4.0,0.291,,
HSS10X4X1/4,HSS,RectangleHollow,,,,,,,,10.0,4.0,0.233,,
HSS10X4X3/16,HSS,RectangleHollow,,,,,,,,10.0,4.0,0.174,,
HSS10X4X1/8,HSS,RectangleHollow,,,,,,,,10.0,4.0,0.116,,
HSS10X3-1/2X1/2,HSS,RectangleHollow,,,,,,,,10.0,3.5,0.465,,
HSS10X3-1/2X3/8,HSS,RectangleHollow,,,,,,,,10.0,3.5,0.349,,
HSS10X3-1/2X5/16,HSS,RectangleHollow,,,,,,,,10.0,3.5,0.291,,
HSS10X3-1/2X1/4,HSS,RectangleHollow,,,,,,,,10.0,3.5,0.233,,
HSS10X3-1/2X3/16,HSS,RectangleHollow,,,,,,,,10.0,3.5,0.174,,
HSS10X3-1/2X1/8,HSS,RectangleHollow,,,,,,,,10.0,3.5,0.116,,
HSS10X3X3/8,HSS,RectangleHollow,,,,,,,,10.0,3.0,0.349,,
HSS10X3X5/16,HSS,RectangleHollow,,,,,,,,10.0,3.0,0.291,,
HSS10X3X1/4,HSS,RectangleHollow,,,,,,,,10.0,3.0,0.233,,
HSS10X3X3/16,HSS,RectangleHollow,,,,,,,,10.0,3.0,0.174,,
HSS10X3X1/8,HSS,RectangleHollow,,,,,,,,10.0,3.0,0.116,,
HSS10X2X3/8,HSS,RectangleHollow,,,,,,,,10.0,2.0,0.349,,
HSS10X2X5/16,HSS,RectangleHollow,,,,,,,,10.0,2.0,0.291,,
HSS10X2X1/4,HSS,RectangleHollow,,,,,,,,10.0,2.0,0.233,,
HSS10X2X3/16,HSS,RectangleHollow,,,,,,,,10.0,2.0,0.174,,
HSS10X2X1/8,HSS,RectangleHollow,,,,,,,,10.0,2.0,0.116,,
HSS9X9X5/8,HSS,RectangleHollow,,,,,,,,9.0,9.0,0.581,,
HSS9X9X1/2,HSS,RectangleHollow,,,,,,,,9.0,9.0,0.465,,
HSS9X9X3/8,HSS,RectangleHollow,,,,,,,,9.0,9.0,0.349,,
HSS9X9X5/16,HSS,RectangleHollow,,,,,,,,9.0,9.0,0.291,,
HSS9X9X1/4,HSS,RectangleHollow,,,,,,,,9.0,9.0,0.233,,
HSS9X9X3/16,HSS,RectangleHollow,,,,,,,,9.0,9.0,0.174,,
HSS9X9X1/8,HSS,RectangleHollow,,,,,,,,9.0,9.0,0.116,,
HSS9X7X5/8,HSS,RectangleHollow,,,,,,,,9.0,7.0,0.581,,
HSS9X7X1/2,HSS,RectangleHollow,,,,,,,,9.0,7.0,0.465,,
HSS9X7X3/8,HSS,RectangleHollow,,,,,,,,9.0,7.0,0.349,,
HSS9X7X5/16,HSS,RectangleHollow,,,,,,,,9.0,7.0,0.291,,
HSS9X7X1/4,HSS,RectangleHollow,,,,,,,,9.0,7.0,0.233,,
HSS9X7X3/16,HSS,RectangleHollow,,,,,,,,9.0,7.0,0.174,,
HSS9X5X5/8,HSS,RectangleHollow,,,,,,,,9.0,5.0,0.581,,
HSS9X5X1/2,HSS,RectangleHollow,,,,,,,,9.0,5.0,0.465,,
HSS9X5X3/8,HSS,RectangleHollow,,,,,,,,9.0,5.0,0.349,,
HSS9X5X5/16,HSS,RectangleHollow,,,,,,,,9.0,5.0,0.291,,
HSS9X5X1/4,HSS,RectangleHollow,,,,,,,,9.0,5.0,0.233,,
HSS9X5X3/16,HSS,RectangleHollow,,,,,,,,9.0,5.0,0.174,,
HSS9X3X1/2,HSS,RectangleHollow,,,,,,,,9.0,3.0,0.465,,
HSS9X3X3/8,HSS,RectangleHollow,,,,,,,,9.0,3.0,0.349,,
HSS9X3X5/16,HSS,RectangleHollow,,,,,,,,9.0,3.0,0.291,,
HSS9X3X1/4,HSS,RectangleHollow,,,,,,,,9.0,3.0,0.233,,
HSS9X3X3/16,HSS,RectangleHollow,,,,,,,,9.0,3.0,0.174,,
HSS8X8X5/8,HSS,RectangleHollow,,,,,,,,8.0,8.0,0.581,,
HSS8X8X1/2,HSS,RectangleHollow,,,,,,,,8.0,8.0,0.465,,
HSS8X8X3/8,HSS,RectangleHollow,,,,,,,,8.0,8.0,0.349,,
HSS8X8X5/16,HSS,RectangleHollow,,,,,,,,8.0,8.0,0.291,,
HSS8X8X1/4,HSS,RectangleHollow,,,,,,,,8.0,8.0,0.233,,
HSS8X8X3/16,HSS,RectangleHollow,,,,,,,,8.0,8.0,0.174,,
HSS8X8X1/8,HSS,RectangleHollow,,,,,,,,8.0,8.0,0.116,,
HSS8X6X5/8,HSS,RectangleHollow,,,,,,,,8.0,6.0,0.581,,
HSS8X6X1/2,HSS,RectangleHollow,,,,,,,,8.0,6.0,0.465,,
HSS8X6X3/8,HSS,RectangleHollow,,,,,,,,8.0,6.0,0.349,,
HSS8X6X5/16,HSS,RectangleHollow,,,,,,,,8.0,6.0,0.291,,
HSS8X6X1/4,HSS,RectangleHollow,,,,,,,,8.0,6.0,0.233,,
HSS8X6X3/16,HSS,RectangleHollow,,,,,,,,8.0,6.0,0.174,,
HSS8X4X5/8,HSS,RectangleHollow,,,,,,,,8.0,4.0,0.581,,
HSS8X4X1/2,HSS,RectangleHollow,,,,,,,,8.0,4.0,0.465,,
HSS8X4X3/8,HSS,RectangleHollow,,,,,,,,8.0,4.0,0.349,,
HSS8X4X5/16,HSS,RectangleHollow,,,,,,,,8.0,4.0,0.291,,
HSS8X4X1/4,HSS,RectangleHollow,,,,,,,,8.0,4.0,0.233,,
HSS8X4X3/16,HSS,RectangleHollow,,,,,,,,8.0,4.0,0.174,,
HSS8X4X1/8,HSS,RectangleHollow,,,,,,,,8.0,4.0,0.116,,
HSS8X3X1/2,HSS,RectangleHollow,,,,,,,,8.0,3.0,0.465,,
HSS8X3X3/8,HSS,RectangleHollow,,,,,,,,8.0,3.0,0.349,,
HSS8X3X5/16,HSS,RectangleHollow,,,,,,,,8.0,3.0,0.291,,
HSS8X3X1/4,HSS,RectangleHollow,,,,,,,,8.0,3.0,0.233,,
HSS8X3X3/16,HSS,RectangleHollow,,,,,,,,8.0,3.0,0.174,,
HSS8X3X1/8,HSS,RectangleHollow,,,,,,,,8.0,3.0,0.116,,
HSS8X2X3/8,HSS,RectangleHollow,,,,,,,,8.0,2.0,0.349,,
HSS8X2X5/16,HSS,RectangleHollow,,,,,,,,8.0,2.0,0.291,,
HSS8X2X1/4,HSS,RectangleHollow,,,,,,,,8.0,2.0,0.233,,
HSS8X2X3/16,HSS,RectangleHollow,,,,,,,,8.0,2.0,0.174,,
HSS8X2X1/8,HSS,RectangleHollow,,,,,,,,8.0,2.0,0.116,,
HSS7X7X5/8,HSS,RectangleHollow,,,,,,,,7.0,7.0,0.581,,
HSS7X7X1/2,HSS,RectangleHollow,,,,,,,,7.0,7.0,0.465,,
HSS7X7X3/8,HSS,RectangleHollow,,,,,,,,7.0,7.0,0.349,,
HSS7X7X5/16,HSS,RectangleHollow,,,,,,,,7.0,7.0,0.291,,
HSS7X7X1/4,HSS,RectangleHollow,,,,,,,,7.0,7.0,0.233,,
HSS7X7X3/16,HSS,RectangleHollow,,,,,,,,7.0,7.0,0.174,,
HSS7X7X1/8,HSS,RectangleHollow,,,,,,,,7.0,7.0,0.116,,
HSS7X5X1/2,HSS,RectangleHollow,,,,,,,,7.0,5.0,0.465,,
HSS7X5X3/8,HSS,RectangleHollow,,,,,,,,7.0,5.0,0.349,,
HSS7X5X5/16,HSS,RectangleHollow,,,,,,,,7.0,5.0,0.291,,
HSS7X5X1/4,HSS,RectangleHollow,,,,,,,,7.0,5.0,0.233,,
HSS7X5X3/16,HSS,RectangleHollow,,,,,,,,7.0,5.0,0.174,,
HSS7X5X1/8,HSS,RectangleHollow,,,,,,,,7.0,5.0,0.116,,
HSS7X4X1/2,HSS,RectangleHollow,,,,,,,,7.0,4.0,0.465,,
HSS7X4X3/8,HSS,RectangleHollow,,,,,,,,7.0,4.0,0.349,,
HSS7X4X5/16,HSS,RectangleHollow,,,,,,,,7.0,4.0,0.291,,
HSS7X4X1/4,HSS,RectangleHollow,,,,,,,,7.0,4.0,0.233,,
HSS7X4X3/16,HSS,RectangleHollow,,,,,,,,7.0,4.0,0.174,,
HSS7X4X1/8,HSS,RectangleHollow,,,,,,,,7.0,4.0,0.116,,
HSS7X3X1/2,HSS,RectangleHollow,,,,,,,,7.0,3.0,0.465,,
HSS7X3X3/8,HSS,RectangleHollow,,,,,,,,7.0,3.0,0.349,,
HSS7X3X5/16,HSS,RectangleHollow,,,,,,,,7.0,3.0,0.291,,
HSS7X3X1/4,HSS,RectangleHollow,,,,,,,,7.0,3.0,0.233,,
HSS7X3X3/16,HSS,RectangleHollow,,,,,,,,7.0,3.0,0.174,,
HSS7X3X1/8,HSS,RectangleHollow,,,,,,,,7.0,3.0,0.116,,
HSS7X2X1/4,HSS,RectangleHollow,,,,,,,,7.0,2.0,0.233,,
HSS7X2X3/16,HSS,RectangleHollow,,,,,,,,7.0,2.0,0.174,,
HSS7X2X1/8,HSS,RectangleHollow,,,,,,,,7.0,2.0,0.116,,
HSS6X6X5/8,HSS,RectangleHollow,,,,,,,,6.0,6.0,0.581,,
HSS6X6X1/2,HSS,RectangleHollow,,,,,,,,6.0,6.0,0.465,,
HSS6X6X3/8,HSS,RectangleHollow,,,,,,,,6.0,6.0,0.349,,
HSS6X6X5/16,HSS,RectangleHollow,,,,,,,,6.0,6.0,0.291,,
HSS6X6X1/4,HSS,RectangleHollow,,,,,,,,6.0,6.0,0.233,,
HSS6X6X3/16,HSS,RectangleHollow,,,,,,,,6.0,6.0,0.174,,
HSS6X6X1/8,HSS,RectangleHollow,,,,,,,,6.0,6.0,0.116,,
HSS6X5X1/2,HSS,RectangleHollow,,,,,,,,6.0,5.0,0.465,,
HSS6X5X3/8,HSS,RectangleHollow,,,,,,,,6.0,5.0,0.349,,
HSS6X5X5/16,HSS,RectangleHollow,,,,,,,,6.0,5.0,0.291,,
HSS6X5X1/4,HSS,RectangleHollow,,,,,,,,6.0,5.0,0.233,,
HSS6X5X3/16,HSS,RectangleHollow,,,,,,,,6.0,5.0,0.174,,
HSS6X5X1/8,HSS,RectangleHollow,,,,,,,,6.0,5.0,0.116,,
HSS6X4X1/2,HSS,RectangleHollow,,,,,,,,6.0,4.0,0.465,,
HSS6X4X3/8,HSS,RectangleHollow,,,,,,,,6.0,4.0,0.349,,
HSS6X4X5/16,HSS,RectangleHollow,,,,,,,,6.0,4.0,0.291,,
HSS6X4X1/4,HSS,RectangleHollow,,,,,,,,6.0,4.0,0.233,,
HSS6X4X3/16,HSS,RectangleHollow,,,,,,,,6.0,4.0,0.174,,
HSS6X4X1/8,HSS,RectangleHollow,,,,,,,,6.0,4.0,0.116,,
HSS6X3X1/2,HSS,RectangleHollow,,,,,,,,6.0,3.0,0.465,,
HSS6X3X3/8,HSS,RectangleHollow,,,,,,,,6.0,3.0,0.349,,
HSS6X3X5/16,HSS,RectangleHollow,,,,,,,,6.0,3.0,0.291,,
HSS6X3X1/4,HSS,RectangleHollow,,,,,,,,6.0,3.0,0.233,,
HSS6X3X3/16,HSS,RectangleHollow,,,,,,,,6.0,3.0,0.174,,
HSS6X3X1/8,HSS,RectangleHollow,,,,,,,,6.0,3.0,0.116,,
HSS6X2X3/8,HSS,RectangleHollow,,,,,,,,6.0,2.0,0.349,,
HSS6X2X5/16,HSS,RectangleHollow,,,,,,,,6.0,2.0,0.291,,
HSS6X2X1/4,HSS,RectangleHollow,,,,,,,,6.0,2.0,0.233,,
HSS6X2X3/16,HSS,RectangleHollow,,,,,,,,6.0,2.0,0.174,,
HSS6X2X1/8,HSS,RectangleHollow,,,,,,,,6.0,2.0,0.116,,
HSS5-1/2X5-1/2X3/8,HSS,RectangleHollow,,,,,,,,5.5,5.5,0.349,,
HSS5-1/2X5-1/2X5/16,HSS,RectangleHollow,,,,,,,,5.5,5.5,0.291,,
HSS5-1/2X5-1/2X1/4,HSS,RectangleHollow,,,,,,,,5.5,5.5,0.233,,
HSS5-1/2X5-1/2X3/16,HSS,RectangleHollow,,,,,,,,5.5,5.5,0.174,,
HSS5-1/2X5-1/2X1/8,HSS,RectangleHollow,,,,,,,,5.5,5.5,0.116,,
HSS5X5X1/2,HSS,RectangleHollow,,,,,,,,5.0,5.0,0.465,,
HSS5X5X3/8,HSS,RectangleHollow,,,,,,,,5.0,5.0,0.349,,
HSS5X5X5/16,HSS,RectangleHollow,,,,,,,,5.0,5.0,0.291,,
HSS5X5X1/4,HSS,RectangleHollow,,,,,,,,5.0,5.0,0.233,,
HSS5X5X3/16,HSS,RectangleHollow,,,,,,,,5.0,5.0,0.174,,
HSS5X5X1/8,HSS,RectangleHollow,,,,,,,,5.0,5.0,0.116,,
HSS5X4X1/2,HSS,RectangleHollow,,,,,,,,5.0,4.0,0.465,,
HSS5X4X3/8,HSS,RectangleHollow,,,,,,,,5.0,4.0,0.349,,
HSS5X4X5/16,HSS,RectangleHollow,,,,,,,,5.0,4.0,0.291,,
HSS5X4X1/4,HSS,RectangleHollow,,,,,,,,5.0,4.0,0.233,,
HSS5X4X3/16,HSS,RectangleHollow,,,,,,,,5.0,4.0,0.174,,
HSS5X4X1/8,HSS,RectangleHollow,,,,,,,,5.0,4.0,0.116,,
HSS5X3X1/2,HSS,RectangleHollow,,,,,,,,5.0,3.0,0.465,,
HSS5X3X3/8,HSS,RectangleHollow,,,,,,,,5.0,3.0,0.349,,
HSS5X3X5/16,HSS,RectangleHollow,,,,,,,,5.0,3.0,0.291,,
HSS5X3X1/4,HSS,RectangleHollow,,,,,,,,5.0,3.0,0.233,,
HSS5X3X3/16,HSS,RectangleHollow,,,,,,,,5.0,3.0,0.174,,
HSS5X3X1/8,HSS,RectangleHollow,,,,,,,,5.0,3.0,0.116,,
HSS5X2-1/2X1/4,HSS,RectangleHollow,,,,,,,,5.0,2.5,0.233,,
HSS5X2-1/2X3/16,HSS,RectangleHollow,,,,,,,,5.0,2.5,0.174,,
HSS5X2-1/2X1/8,HSS,RectangleHollow,,,,,,,,5.0,2.5,0.116,,
HSS5X2X3/8,HSS,RectangleHollow,,,,,,,,5.0,2.0,0.349,,
HSS5X2X5/16,HSS,RectangleHollow,,,,,,,,5.0,2.0,0.291,,
HSS5X2X1/4,HSS,RectangleHollow,,,,,,,,5.0,2.0,0.233,,
HSS5X2X3/16,HSS,RectangleHollow,,,,,,,,5.0,2.0,0.174,,
HSS5X2X1/8,HSS,RectangleHollow,,,,,,,,5.0,2.0,0.116,,
HSS4-1/2X4-1/2X1/2,HSS,RectangleHollow,,,,,,,,4.5,4.5,0.465,,
HSS4-1/2X4-1/2X3/8,HSS,RectangleHollow,,,,,,,,4.5,4.5,0.349,,
HSS4-1/2X4-1/2X5/16,HSS,RectangleHollow,,,,,,,,4.5,4.5,0.291,,
HSS4-1/2X4-1/2X1/4,HSS,RectangleHollow,,,,,,,,4.5,4.5,0.233,,
HSS4-1/2X4-1/2X3/16,HSS,RectangleHollow,,,,,,,,4.5,4.5,0.174,,
HSS4-1/2X4-1/2X1/8,HSS,RectangleHollow,,,,,,,,4.5,4.5,0.116,,
HSS4X4X1/2,HSS,RectangleHollow,,,,,,,,4.0,4.0,0.465,,
HSS4X4X3/8,HSS,RectangleHollow,,,,,,,,4.0,4.0,0.349,,
HSS4X4X5/16,HSS,RectangleHollow,,,,,,,,4.0,4.0,0.291,,
HSS4X4X1/4,HSS,RectangleHollow,,,,,,,,4.0,4.0,0.233,,
HSS4X4X3/16,HSS,RectangleHollow,,,,,,,,4.0,4.0,0.174,,
HSS4X4X1/8,HSS,RectangleHollow,,,,,,,,4.0,4.0,0.116,,
HSS4X3X3/8,HSS,RectangleHollow,,,,,,,,4.0,3.0,0.349,,
HSS4X3X5/16,HSS,RectangleHollow,,,,,,,,4.0,3.0,0.291,,
HSS4X3X1/4,HSS,RectangleHollow,,,,,,,,4.0,3.0,0.233,,
HSS4X3X3/16,HSS,RectangleHollow,,,,,,,,4.0,3.0,0.174,,
HSS4X3X1/8,HSS,RectangleHollow,,,,,,,,4.0,3.0,0.116,,
HSS4X2-1/2X3/8,HSS,RectangleHollow,,,,,,,,4.0,2.5,0.349,,
HSS4X2-1/2X5/16,HSS,RectangleHollow,,,,,,,,4.0,2.5,0.291,,
HSS4X2-1/2X1/4,HSS,RectangleHollow,,,,,,,,4.0,2.5,0.233,,
HSS4X2-1/2X3/16,HSS,RectangleHollow,,,,,,,,4.0,2.5,0.174,,
HSS4X2-1/2X1/8,HSS,RectangleHollow,,,,,,,,4.0,2.5,0.116,,
HSS4X2X3/8,HSS,RectangleHollow,,,,,,,,4.0,2.0,0.349,,
HSS4X2X5/16,HSS,RectangleHollow,,,,,,,,4.0,2.0,0.291,,
HSS4X2X1/4,HSS,RectangleHollow,,,,,,,,4.0,2.0,0.233,,
HSS4X2X3/16,HSS,RectangleHollow,,,,,,,,4.0,2.0,0.174,,
HSS4X2X1/8,HSS,RectangleHollow,,,,,,,,4.0,2.0,0.116,,
HSS3-1/2X3-1/2X3/8,HSS,RectangleHollow,,,,,,,,3.5,3.5,0.349,,
HSS3-1/2X3-1/2X5/16,HSS,RectangleHollow,,,,,,,,3.5,3.5,0.291,,
HSS3-1/2X3-1/2X1/4,HSS,RectangleHollow,,,,,,,,3.5,3.5,0.233,,
HSS3-1/2X3-1/2X3/16,HSS,RectangleHollow,,,,,,,,3.5,3.5,0.174,,
HSS3-1/2X3-1/2X1/8,HSS,RectangleHollow,,,,,,,,3.5,3.5,0.116,,
HSS3-1/2X2-1/2X3/8,HSS,RectangleHollow,,,,,,,,3.5,2.5,0.349,,
HSS3-1/2X2-1/2X5/16,HSS,RectangleHollow,,,,,,,,3.5,2.5,0.291,,
HSS3-1/2X2-1/2X1/4,HSS,RectangleHollow,,,,,,,,3.5,2.5,0.233,,
HSS3-1/2X2-1/2X3/16,HSS,RectangleHollow,,,,,,,,3.5,2.5,0.174,,
HSS3-1/2X2-1/2X1/8,HSS,RectangleHollow,,,,,,,,3.5,2.5,0.116,,
HSS3-1/2X2X1/4,HSS,RectangleHollow,,,,,,,,3.5,2.0,0.233,,
HSS3-1/2X2X3/16,HSS,RectangleHollow,,,,,,,,3.5,2.0,0.174,,
HSS3-1/2X2X1/8,HSS,RectangleHollow,,,,,,,,3.5,2.0,0.116,,
HSS3-1/2X1-1/2X1/4,HSS,RectangleHollow,,,,,,,,3.5,1.5,0.233,,
HSS3-1/2X1-1/2X3/16,HSS,RectangleHollow,,,,,,,,3.5,1.5,0.174,,
HSS3-1/2X1-1/2X1/8,HSS,RectangleHollow,,,,,,,,3.5,1.5,0.116,,
HSS3X3X3/8,HSS,RectangleHollow,,,,,,,,3.0,3.0,0.349,,
HSS3X3X5/16,HSS,RectangleHollow,,,,,,,,3.0,3.0,0.291,,
HSS3X3X1/4,HSS,RectangleHollow,,,,,,,,3.0,3.0,0.233,,
HSS3X3X3/16,HSS,RectangleHollow,,,,,,,,3.0,3.0,0.174,,
HSS3X3X1/8,HSS,RectangleHollow,,,,,,,,3.0,3.0,0.116,,
HSS3X2-1/2X5/16,HSS,RectangleHollow,,,,,,,,3.0,2.5,0.291,,
HSS3X2-1/2X1/4,HSS,RectangleHollow,,,,,,,,3.0,2.5,0.233,,
HSS3X2-1/2X3/16,HSS,RectangleHollow,,,,,,,,3.0,2.5,0.174,,
HSS3X2-1/2X1/8,HSS,RectangleHollow,,,,,,,,3.0,2.5,0.116,,
HSS3X2X5/16,HSS,RectangleHollow,,,,,,,,3.0,2.0,0.291,,
HSS3X2X1/4,HSS,RectangleHollow,,,,,,,,3.0,2.0,0.233,,
HSS3X2X3/16,HSS,RectangleHollow,,,,,,,,3.0,2.0,0.174,,
HSS3X2X1/8,HSS,RectangleHollow,,,,,,,,3.0,2.0,0.116,,
HSS3X1-1/2X1/4,HSS,RectangleHollow,,,,,,,,3.0,1.5,0.233,,
HSS3X1-1/2X3/16,HSS,RectangleHollow,,,,,,,,3.0,1.5,0.174,,
HSS3X1-1/2X1/8,HSS,RectangleHollow,,,,,,,,3.0,1.5,0.116,,
HSS3X1X3/16,HSS,RectangleHollow,,,,,,,,3.0,1.0,0.174,,
HSS3X1X1/8,HSS,RectangleHollow,,,,,,,,3.0,1.0,0.116,,
HSS2-1/2X2-1/2X5/16,HSS,RectangleHollow,,,,,,,,2.5,2.5,0.291,,
HSS2-1/2X2-1/2X1/4,HSS,RectangleHollow,,,,,,,,2.5,2.5,0.233,,
HSS2-1/2X2-1/2X3/16,HSS,RectangleHollow,,,,,,,,2.5,2.5,0.174,,
HSS2-1/2X2-1/2X1/8,HSS,RectangleHollow,,,,,,,,2.5,2.5,0.116,,
HSS2-1/2X2X1/4,HSS,RectangleHollow,,,,,,,,2.5,2.0,0.233,,
HSS2-1/2X2X3/16,HSS,RectangleHollow,,,,,,,,2.5,2.0,0.174,,
HSS2-1/2X2X1/8,HSS,RectangleHollow,,,,,,,,2.5,2.0,0.116,,
HSS2-1/2X1-1/2X1/4,HSS,RectangleHollow,,,,,,,,2.5,1.5,0.233,,
HSS2-1/2X1-1/2X3/16,HSS,RectangleHollow,,,,,,,,2.5,1.5,0.174,,
HSS2-1/2X1-1/2X1/8,HSS,RectangleHollow,,,,,,,,2.5,1.5,0.116,,
HSS2-1/2X1X3/16,HSS,RectangleHollow,,,,,,,,2.5,1.0,0.174,,
HSS2-1/2X1X1/8,HSS,RectangleHollow,,,,,,,,2.5,1.0,0.116,,
HSS2-1/4X2-1/4X1/4,HSS,RectangleHollow,,,,,,,,2.25,2.25,0.233,,
HSS2-1/4X2-1/4X3/16,HSS,RectangleHollow,,,,,,,,2.25,2.25,0.174,,
HSS2-1/4X2-1/4X1/8,HSS,RectangleHollow,,,,,,,,2.25,2.25,0.116,,
HSS2-1/4X2X3/16,HSS,RectangleHollow,,,,,,,,2.25,2.0,0.174,,
HSS2-1/4X2X1/8,HSS,RectangleHollow,,,,,,,,2.25,2.0,0.116,,
HSS2X2X1/4,HSS,RectangleHollow,,,,,,,,2.0,2.0,0.233,,
HSS2X2X3/16,HSS,RectangleHollow,,,,,,,,2.0,2.0,0.174,,
HSS2X2X1/8,HSS,RectangleHollow,,,,,,,,2.0,2.0,0.116,,
HSS2X1-1/2X3/16,HSS,RectangleHollow,,,,,,,,2.0,1.5,0.174,,
HSS2X1-1/2X1/8,HSS,RectangleHollow,,,,,,,,2.0,1.5,0.116,,
HSS2X1X3/16,HSS,RectangleHollow,,,,,,,,2.0,1.0,0.174,,
HSS2X1X1/8,HSS,RectangleHollow,,,,,,,,2.0,1.0,0.116,,
HSS20.000X0.500,HSS,CircleHollow,,,,,,,,,,0.465,20.0,10.0
HSS20.000X0.375,HSS,CircleHollow,,,,,,,,,,0.349,20.0,10.0
HSS18.000X0.500,HSS,CircleHollow,,,,,,,,,,0.465,18.0,9.0
HSS18.000X0.375,HSS,CircleHollow,,,,,,,,,,0.349,18.0,9.0
HSS16.000X0.625,HSS,CircleHollow,,,,,,,,,,0.581,16.0,8.0
HSS16.000X0.500,HSS,CircleHollow,,,,,,,,,,0.465,16.0,8.0
HSS16.000X0.438,HSS,CircleHollow,,,,,,,,,,0.407,16.0,8.0
HSS16.000X0.375,HSS,CircleHollow,,,,,,,,,,0.349,16.0,8.0
HSS16.000X0.312,HSS,CircleHollow,,,,,,,,,,0.291,16.0,8.0
HSS16.000X0.250,HSS,CircleHollow,,,,,,,,,,0.233,16.0,8.0
HSS14.000X0.625,HSS,CircleHollow,,,,,,,,,,0.581,14.0,7.0
HSS14.000X0.500,HSS,CircleHollow,,,,,,,,,,0.465,14.0,7.0
HSS14.000X0.375,HSS,CircleHollow,,,,,,,,,,0.349,14.0,7.0
HSS14.000X0.312,HSS,CircleHollow,,,,,,,,,,0.291,14.0,7.0
HSS14.000X0.250,HSS,CircleHollow,,,,,,,,,,0.233,14.0,7.0
HSS12.750X0.500,HSS,CircleHollow,,,,,,,,,,0.465,12.8,6.4
HSS12.750X0.375,HSS,CircleHollow,,,,,,,,,,0.349,12.8,6.4
HSS12.750X0.250,HSS,CircleHollow,,,,,,,,,,0.233,12.8,6.4
HSS10.750X0.500,HSS,CircleHollow,,,,,,,,,,0.465,10.8,5.4
HSS10.750X0.375,HSS,CircleHollow,,,,,,,,,,0.349,10.8,5.4
HSS10.750X0.250,HSS,CircleHollow,,,,,,,,,,0.233,10.8,5.4
HSS10.000X0.625,HSS,CircleHollow,,,,,,,,,,0.581,10.0,5.0
HSS10.000X0.500,HSS,CircleHollow,,,,,,,,,,0.465,10.0,5.0
HSS10.000X0.375,HSS,CircleHollow,,,,,,,,,,0.349,10.0,5.0
HSS10.000X0.312,HSS,CircleHollow,,,,,,,,,,0.291,10.0,5.0
HSS10.000X0.250,HSS,CircleHollow,,,,,,,,,,0.233,10.0,5.0
HSS10.000X0.188,HSS,CircleHollow,,,,,,,,,,0.174,10.0,5.0
HSS9.625X0.500,HSS,CircleHollow,,,,,,,,,,0.465,9.63,4.815
HSS9.625X0.375,HSS,CircleHollow,,,,,,,,,,0.349,9.63,4.815
HSS9.625X0.312,HSS,CircleHollow,,,,,,,,,,0.291,9.63,4.815
HSS9.625X0.250,HSS,CircleHollow,,,,,,,,,,0.233,9.63,4.815
HSS9.625X0.188,HSS,CircleHollow,,,,,,,,,,0.174,9.63,4.815
HSS8.625X0.625,HSS,CircleHollow,,,,,,,,,,0.581,8.63,4.315
HSS8.625X0.500,HSS,CircleHollow,,,,,,,,,,0.465,8.63,4.315
HSS8.625X0.375,HSS,CircleHollow,,,,,,,,,,0.349,8.63,4.315
HSS8.625X0.322,HSS,CircleHollow,,,,,,,,,,0.3,8.63,4.315
HSS8.625X0.250,HSS,CircleHollow,,,,,,,,,,0.233,8.63,4.315
HSS8.625X0.188,HSS,CircleHollow,,,,,,,,,,0.174,8.63,4.315
HSS7.625X0.375,HSS,CircleHollow,,,,,,,,,,0.349,7.63,3.815
HSS7.625X0.328,HSS,CircleHollow,,,,,,,,,,0.305,7.63,3.815
HSS7.500X0.500,HSS,CircleHollow,,,,,,,,,,0.465,7.5,3.75
HSS7.500X0.375,HSS,CircleHollow,,,,,,,,,,0.349,7.5,3.75
HSS7.500X0.312,HSS,CircleHollow,,,,,,,,,,0.291,7.5,3.75
HSS7.500X0.250,HSS,CircleHollow,,,,,,,,,,0.233,7.5,3.75
HSS7.500X0.188,HSS,CircleHollow,,,,,,,,,,0.174,7.5,3.75
HSS7.000X0.500,HSS,CircleHollow,,,,,,,,,,0.465,7.0,3.5
HSS7.000X0.375,HSS,CircleHollow,,,,,,,,,,0.349,7.0,3.5
HSS7.000X0.312,HSS,CircleHollow,,,,,,,,,,0.291,7.0,3.5
HSS7.000X0.250,HSS,CircleHollow,,,,,,,,,,0.233,7.0,3.5
HSS7.000X0.188,HSS,CircleHollow,,,,,,,,,,0.174,7.0,3.5
HSS7.000X0.125,HSS,CircleHollow,,,,,,,,,,0.116,7.0,3.5
HSS6.875X0.500,HSS,CircleHollow,,,,,,,,,,0.465,6.88,3.44
HSS6.875X0.375,HSS,CircleHollow,,,,,,,,,,0.349,6.88,3.44
HSS6.875X0.312,HSS,CircleHollow,,,,,,,,,,0.291,6.88,3.44
HSS6.875X0.250,HSS,CircleHollow,,,,,,,,,,0.233,6.88,3.44
HSS6.875X0.188,HSS,CircleHollow,,,,,,,,,,0.174,6.88,3.44
HSS6.625X0.500,HSS,CircleHollow,,,,,,,,,,0.465,6.63,3.315
HSS6.625X0.432,HSS,CircleHollow,,,,,,,,,,0.402,6.63,3.315
HSS6.625X0.375,HSS,CircleHollow,,,,,,,,,,0.349,6.63,3.315
HSS6.625X0.312,HSS,CircleHollow,,,,,,,,,,0.291,6.63,3.315
HSS6.625X0.280,HSS,CircleHollow,,,,,,,,,,0.26,6.63,3.315
HSS6.625X0.250,HSS,CircleHollow,,,,,,,,,,0.233,6.63,3.315
HSS6.625X0.188,HSS,CircleHollow,,,,,,,,,,0.174,6.63,3.315
HSS6.625X0.125,HSS,CircleHollow,,,,,,,,,,0.116,6.63,3.315
HSS6.000X0.500,HSS,CircleHollow,,,,,,,,,,0.465,6.0,3.0
HSS6.000X0.375,HSS,CircleHollow,,,,,,,,,,0.349,6.0,3.0
HSS6.000X0.312,HSS,CircleHollow,,,,,,,,,,0.291,6.0,3.0
HSS6.000X0.280,HSS,CircleHollow,,,,,,,,,,0.26,6.0,3.0
HSS6.000X0.250,HSS,CircleHollow,,,,,,,,,,0.233,6.0,3.0
HSS6.000X0.188,HSS,CircleHollow,,,,,,,,,,0.174,6.0,3.0
HSS6.000X0.125,HSS,CircleHollow,,,,,,,,,,0.116,6.0,3.0
HSS5.563X0.500,HSS,CircleHollow,,,,,,,,,,0.465,5.56,2.78
HSS5.563X0.375,HSS,CircleHollow,,,,,,,,,,0.349,5.56,2.78
HSS5.563X0.258,HSS,CircleHollow,,,,,,,,,,0.24,5.56,2.78
HSS5.563X0.188,HSS,CircleHollow,,,,,,,,,,0.174,5.56,2.78
HSS5.563X0.134,HSS,CircleHollow,,,,,,,,,,0.124,5.56,2.78
HSS5.500X0.500,HSS,CircleHollow,,,,,,,,,,0.465,5.5,2.75
HSS5.500X0.375,HSS,CircleHollow,,,,,,,,,,0.349,5.5,2.75
HSS5.500X0.258,HSS,CircleHollow,,,,,,,,,,0.24,5.5,2.75
HSS5.000X0.500,HSS,CircleHollow,,,,,,,,,,0.465,5.0,2.5
HSS5.000X0.375,HSS,CircleHollow,,,,,,,,,,0.349,5.0,2.5
HSS5.000X0.312,HSS,CircleHollow,,,,,,,,,,0.291,5.0,2.5
HSS5.000X0.258,HSS,CircleHollow,,,,,,,,,,0.24,5.0,2.5
HSS5.000X0.250,HSS,CircleHollow,,,,,,,,,,0.233,5.0,2.5
HSS5.000X0.188,HSS,CircleHollow,,,,,,,,,,0.174,5.0,2.5
HSS5.000X0.125,HSS,CircleHollow,,,,,,,,,,0.116,5.0,2.5
HSS4.500X0.375,HSS,CircleHollow,,,,,,,,,,0.349,4.5,2.25
HSS4.500X0.337,HSS,CircleHollow,,,,,,,,,,0.313,4.5,2.25
HSS4.500X0.237,HSS,CircleHollow,,,,,,,,,,0.22,4.5,2.25
HSS4.500X0.188,HSS,CircleHollow,,,,,,,,,,0.174,4.5,2.25
HSS4.500X0.125,HSS,CircleHollow,,,,,,,,,,0.116,4.5,2.25
HSS4.000X0.313,HSS,CircleHollow,,,,,,,,,,0.291,4.0,2.0
HSS4.000X0.250,HSS,CircleHollow,,,,,,,,,,0.233,4.0,2.0
HSS4.000X0.237,HSS,CircleHollow,,,,,,,,,,0.22,4.0,2.0
HSS4.000X0.226,HSS,CircleHollow,,,,,,,,,,0.21,4.0,2.0
HSS4.000X0.220,HSS,CircleHollow,,,,,,,,,,0.205,4.0,2.0
HSS4.000X0.188,HSS,CircleHollow,,,,,,,,,,0.174,4.0,2.0
HSS4.000X0.125,HSS,CircleHollow,,,,,,,,,,0.116,4.0,2.0
HSS3.500X0.313,HSS,CircleHollow,,,,,,,,,,0.291,3.5,1.75
HSS3.500X0.300,HSS,CircleHollow,,,,,,,,,,0.279,3.5,1.75
HSS3.500X0.250,HSS,CircleHollow,,,,,,,,,,0.233,3.5,1.75
HSS3.500X0.216,HSS,CircleHollow,,,,,,,,,,0.201,3.5,1.75
HSS3.500X0.203,HSS,CircleHollow,,,,,,,,,,0.189,3.5,1.75
HSS3.500X0.188,HSS,CircleHollow,,,,,,,,,,0.174,3.5,1.75
HSS3.500X0.125,HSS,CircleHollow,,,,,,,,,,0.116,3.5,1.75
HSS3.000X0.250,HSS,CircleHollow,,,,,,,,,,0.233,3.0,1.5
HSS3.000X0.216,HSS,CircleHollow,,,,,,,,,,0.201,3.0,1.5
HSS3.000X0.203,HSS,CircleHollow,,,,,,,,,,0.189,3.0,1.5
HSS3.000X0.188,HSS,CircleHollow,,,,,,,,,,0.174,3.0,1.5
HSS3.000X0.152,HSS,CircleHollow,,,,,,,,,,0.141,3.0,1.5
HSS3.000X0.134,HSS,CircleHollow,,,,,,,,,,0.124,3.0,1.5
HSS3.000X0.125,HSS,CircleHollow,,,,,,,,,,0.116,3.0,1.5
HSS2.875X0.250,HSS,CircleHollow,,,,,,,,,,0.233,2.88,1.44
HSS2.875X0.203,HSS,CircleHollow,,,,,,,,,,0.189,2.88,1.44
HSS2.875X0.188,HSS,CircleHollow,,,,,,,,,,0.174,2.88,1.44
HSS2.875X0.125,HSS,CircleHollow,,,,,,,,,,0.116,2.88,1.44
HSS2.500X0.250,HSS,CircleHollow,,,,,,,,,,0.233,2.5,1.25
HSS2.500X0.188,HSS,CircleHollow,,,,,,,,,,0.174,2.5,1.25
HSS2.500X0.125,HSS,CircleHollow,,,,,,,,,,0.116,2.5,1.25
HSS2.375X0.250,HSS,CircleHollow,,,,,,,,,,0.233,2.38,1.19
HSS2.375X0.218,HSS,CircleHollow,,,,,,,,,,0.203,2.38,1.19
HSS2.375X0.188,HSS,CircleHollow,,,,,,,,,,0.174,2.38,1.19
HSS2.375X0.154,HSS,CircleHollow,,,,,,,,,,0.143,2.38,1.19
HSS2.375X0.125,HSS,CircleHollow,,,,,,,,,,0.116,2.38,1.19
HSS1.900X0.188,HSS,CircleHollow,,,,,,,,,,0.174,1.9,0.95
HSS1.900X0.145,HSS,CircleHollow,,,,,,,,,,0.135,1.9,0.95
HSS1.900X0.120,HSS,CircleHollow,,,,,,,,,,0.111,1.9,0.95
HSS1.660X0.140,HSS,CircleHollow,,,,,,,,,,0.13,1.66,0.83
Pipe26STD,PIPE,CircleHollow,,,,,,,,,,0.349,26.0,13.0
Pipe24STD,PIPE,CircleHollow,,,,,,,,,,0.349,24.0,12.0
Pipe20STD,PIPE,CircleHollow,,,,,,,,,,0.349,20.0,10.0
Pipe18STD,PIPE,CircleHollow,,,,,,,,,,0.349,18.0,9.0
Pipe16STD,PIPE,CircleHollow,,,,,,,,,,0.349,16.0,8.0
Pipe14STD,PIPE,CircleHollow,,,,,,,,,,0.349,14.0,7.0
Pipe12STD,PIPE,CircleHollow,,,,,,,,,,0.349,12.75,6.375
Pipe10STD,PIPE,CircleHollow,,,,,,,,,,0.34,10.75,5.375
Pipe8STD,PIPE,CircleHollow,,,,,,,,,,0.3,8.625,4.3125
Pipe6STD,PIPE,CircleHollow,,,,,,,,,,0.261,6.625,3.3125
Pipe5STD,PIPE,CircleHollow,,,,,,,,,,0.241,5.563,2.7815
Pipe4STD,PIPE,CircleHollow,,,,,,,,,,0.221,4.5,2.25
Pipe3-1/2STD,PIPE,CircleHollow,,,,,,,,,,0.211,4.0,2.0
Pipe3STD,PIPE,CircleHollow,,,,,,,,,,0.201,3.5,1.75
Pipe2-1/2STD,PIPE,CircleHollow,,,,,,,,,,0.189,2.875,1.4375
Pipe2STD,PIPE,CircleHollow,,,,,,,,,,0.143,2.375,1.1875
Pipe1-1/2STD,PIPE,CircleHollow,,,,,,,,,,0.135,1.9,0.95
Pipe1-1/4STD,PIPE,CircleHollow,,,,,,,,,,0.13,1.66,0.83
Pipe1STD,PIPE,CircleHollow,,,,,,,,,,0.124,1.315,0.6575
Pipe3/4STD,PIPE,CircleHollow,,,,,,,,,,0.105,1.05,0.525
Pipe1/2STD,PIPE,CircleHollow,,,,,,,,,,0.101,0.84,0.42
Pipe26XS,PIPE,CircleHollow,,,,,,,,,,0.465,26.0,13.0
Pipe24XS,PIPE,CircleHollow,,,,,,,,,,0.465,24.0,12.0
Pipe20XS,PIPE,CircleHollow,,,,,,,,,,0.465,20.0,10.0
Pipe18XS,PIPE,CircleHollow,,,,,,,,,,0.465,18.0,9.0
Pipe16XS,PIPE,CircleHollow,,,,,,,,,,0.465,16.0,8.0
Pipe14XS,PIPE,CircleHollow,,,,,,,,,,0.465,14.0,7.0
Pipe12XS,PIPE,CircleHollow,,,,,,,,,,0.465,12.75,6.375
Pipe10XS,PIPE,CircleHollow,,,,,,,,,,0.465,10.75,5.375
Pipe8XS,PIPE,CircleHollow,,,,,,,,,,0.465,8.625,4.3125
Pipe6XS,PIPE,CircleHollow,,,,,,,,,,0.403,6.625,3.3125
Pipe5XS,PIPE,CircleHollow,,,,,,,,,,0.349,5.563,2.7815
Pipe4XS,PIPE,CircleHollow,,,,,,,,,,0.315,4.5,2.25
Pipe3-1/2XS,PIPE,CircleHollow,,,,,,,,,,0.296,4.0,2.0
Pipe3XS,PIPE,CircleHollow,,,,,,,,,,0.28,3.5,1.75
Pipe2-1/2XS,PIPE,CircleHollow,,,,,,,,,,0.257,2.875,1.4375
Pipe2XS,PIPE,CircleHollow,,,,,,,,,,0.204,2.375,1.1875
Pipe1-1/2XS,PIPE,CircleHollow,,,,,,,,,,0.186,1.9,0.95
Pipe1-1/4XS,PIPE,CircleHollow,,,,,,,,,,0.178,1.66,0.83
Pipe1XS,PIPE,CircleHollow,,,,,,,,,,0.166,1.315,0.6575
Pipe3/4XS,PIPE,CircleHollow,,,,,,,,,,0.143,1.05,0.525
Pipe1/2XS,PIPE,CircleHollow,,,,,,,,,,0.137,0.84,0.42
Pipe12XXS,PIPE,CircleHollow,,,,,,,,,,0.93,12.75,6.375
Pipe10XXS,PIPE,CircleHollow,,,,,,,,,,0.93,10.75,5.375
Pipe8XXS,PIPE,CircleHollow,,,,,,,,,,0.816,8.625,4.3125
Pipe6XXS,PIPE,CircleHollow,,,,,,,,,,0.805,6.625,3.3125
Pipe5XXS,PIPE,CircleHollow,,,,,,,,,,0.699,5.563,2.7815
Pipe4XXS,PIPE,CircleHollow,,,,,,,,,,0.628,4.5,2.25
Pipe3XXS,PIPE,CircleHollow,,,,,,,,,,0.559,3.5,1.75
Pipe2-1/2XXS,PIPE,CircleHollow,,,,,,,,,,0.514,2.875,1.4375
Pipe2XXS,PIPE,CircleHollow,,,,,,,,,,0.406,2.375,1.1875
